Workbook

Sheet Takeoff
A1: Bank of America - Broomfield, CO (CO1-111) - Organized Partition Takeoff Estimator - Div. 05 / Div. 09
A2: Bid set: 2025.08.26_CO1-111_Broomfield_PERMIT SET_BID SET.pdf (94 pages, rev. IF Permit 08/26/2025). Net quantities; waste in its own cells below. Status: [CONFIRMADO]/[DERIVADO]/[PENDIENTE].
A4: Partition / Scope | B4: Detail sequence (plan -> detail -> detail of detail -> schedule) | C4: Status / derivation | D4: Length (LF) | E4: Height (FT) | F4: Layers | G4: Stud O.C. (in) | H4: Stud rows | I4: Extra studs (ea) | J4: Side 1 board height (FT) | K4: Side 1 layers | L4: Side 2 board height (FT) | M4: Side 2 layers | N4: Openings deduct (SF per face) | O4: 6" Metal Stud (LF) | P4: 3-5/8" Metal Stud (LF) | Q4: 1-5/8" Metal Stud (LF) | R4: 2-1/2" Metal Stud (LF) | S4: 6" parapet stud (LF) | T4: Bottom track (LF) | U4: Top / deflection track (LF) | V4: Header / box beam (LF) | W4: Sill track (LF) | X4: Bracing C.R. channel 1-1/2" (LF) | Y4: 5/8" Gyp Board regular (SF) | Z4: 5/8" Gyp MOISTURE RESISTANT (SF) | AA4: 3/8" Gyp Board (SF) | AB4: 5/8" EXTERIOR gyp sheathing (SF) | AC4: 5/8" glass mat sheathing (SF) | AD4: FRT plywood (SF) | AE4: Ballistic panel 3/8" UL752 fiberglass (SF) | AF4: FRP-1 (SF) | AG4: Durock / cement board (SF) | AH4: Batt insulation (SF) | AI4: FRT blocking (LF) | AJ4: Metal trim - corner bead / casing / shadow molding (LF) | AK4: Acoustical sealant (LF) | AL4: Furring channel 7/8" (LF) | AM4: Carrying channel 1-1/2" (LF) | AN4: Hanger wire 12 GA (LF) | AO4: Track de ceilings / soffits (LF) | AP4: Framed openings MEP / recessed (EA) | AQ4: Level 5 finish (SF) | AR4: Demolition (SF) | AS4: Labor (Hrs) | AT4: Notes / RFI
A5: TYPE / SCOPE: A1
A6: W-06 A1 - Corridor 111 east / Electrical 120 + NER 121 west. side 1 (111): 1 layer 5/8" GWB to 9.0 ft | side 2 (120): 1 layer 5/8" GWB to 13.052 ft (ceiling + 6", 3/A12.01; open-to-structure face to deck) | B6: A02.01 -> 3/A12.01 (A1 & A5) -> S5.20 METAL STUD PROPERTIES (362S137-33 @16") -> A04.01 (ceiling per face) | zone LOW (S2.20 B.O.D. 13'-0 5/8" high end) | C6: [DERIVADO] L = vector faces A02.01 (band 119-121; tags A1@1214,1406 + A1@1220,1515) / 18 pt/ft; H = 13.052 = 13'-0 5/8" - 0'-0" | D6: 17.06 | E6: 13.052 | F6: 2 | G6: 16 | H6: 1 | I6: 2 | J6: 9 | K6: 1 | L6: 13.052 | M6: 1 | N6: 0 | P6: =(ROUNDUP(D6*12/G6,0)+1+I6)*E6*H6 -> 208.832 | T6: =(D6-0)*H6 -> 17.06 | U6: =D6*H6 -> 17.06 | X6: =D6*3 -> 51.18 | Y6: =D6*(J6*K6+L6*M6)-N6*2 -> 376.20712 | AH6: =D6*E6 -> 222.66712 | AK6: =D6*2*H6 -> 34.12 | AT6: 1 1/2" C.R. channel @48" O.C. (S5.20 F. BRIDGING AND BRACING): floor(13.052/4)=3 lines
A7: W-01 A1 - Calling Cubes 122 north / Waiting 104. side 1 (122): 1 layer 5/8" GWB to 9.0 ft | side 2 (104): 1 layer 5/8" GWB to 11.5 ft (ceiling + 6", 3/A12.01; open-to-structure face to deck) | B7: A02.01 -> 3/A12.01 (A1 & A5) -> S5.20 METAL STUD PROPERTIES (362S137-33 @16") -> A04.01 (ceiling per face) | zone HI (S2.20 B.O.D. 15'-4 1/2") | C7: [DERIVADO] L = vector faces A02.01 (band 31-34; tag A1@1383,996) / 18 pt/ft; H = 15.375 = 15'-4 1/2" - 0'-0" | D7: 16.42 | E7: 15.375 | F7: 2 | G7: 16 | H7: 1 | I7: 2 | J7: 9 | K7: 1 | L7: 11.5 | M7: 1 | N7: 0 | P7: =(ROUNDUP(D7*12/G7,0)+1+I7)*E7*H7 -> 246 | T7: =(D7-0)*H7 -> 16.42 | U7: =D7*H7 -> 16.42 | X7: =D7*3 -> 49.26 | Y7: =D7*(J7*K7+L7*M7)-N7*2 -> 336.61 | AH7: =D7*E7 -> 252.4575 | AK7: =D7*2*H7 -> 32.84 | AT7: 1 1/2" C.R. channel @48" O.C. (S5.20 F. BRIDGING AND BRACING): floor(15.375/4)=3 lines
A8: W-05 A1 - Calling Cubes 122 south / Break Room 118 north. side 1 (122): 1 layer 5/8" GWB to 9.0 ft | side 2 (118): 1 layer 5/8" GWB to 9.0 ft (ceiling + 6", 3/A12.01; open-to-structure face to deck) | B8: A02.01 -> 3/A12.01 (A1 & A5) -> S5.20 METAL STUD PROPERTIES (362S137-33 @16") -> A04.01 (ceiling per face) | zone LOW (S2.20 B.O.D. 13'-0 5/8" high end) | C8: [DERIVADO] L = vector faces A02.01 (band 50; tag A1@1376,1296) / 18 pt/ft; H = 13.052 = 13'-0 5/8" - 0'-0" | D8: 15.23 | E8: 13.052 | F8: 2 | G8: 16 | H8: 1 | I8: 2 | J8: 9 | K8: 1 | L8: 9 | M8: 1 | N8: 0 | P8: =(ROUNDUP(D8*12/G8,0)+1+I8)*E8*H8 -> 195.78 | T8: =(D8-0)*H8 -> 15.23 | U8: =D8*H8 -> 15.23 | X8: =D8*3 -> 45.69 | Y8: =D8*(J8*K8+L8*M8)-N8*2 -> 274.14 | AH8: =D8*E8 -> 198.78196 | AK8: =D8*2*H8 -> 30.46 | AT8: 1 1/2" C.R. channel @48" O.C. (S5.20 F. BRIDGING AND BRACING): floor(13.052/4)=3 lines
A9: W-09 A1 - Work Room 119 north / Cash Window 116. side 1 (116): 1 layer 5/8" GWB to 9.5 ft | side 2 (119): 1 layer 5/8" GWB to 9.0 ft (ceiling + 6", 3/A12.01; open-to-structure face to deck) | B9: A02.01 -> 3/A12.01 (A1 & A5) -> S5.20 METAL STUD PROPERTIES (362S137-33 @16") -> A04.01 (ceiling per face) | zone LOW (S2.20 B.O.D. 13'-0 5/8" high end) | C9: [DERIVADO] L = vector faces A02.01 (band 62; tag A1@1740,1471) / 18 pt/ft; H = 13.052 = 13'-0 5/8" - 0'-0" | D9: 8.17 | E9: 13.052 | F9: 2 | G9: 16 | H9: 1 | I9: 2 | J9: 9.5 | K9: 1 | L9: 9 | M9: 1 | N9: 0 | P9: =(ROUNDUP(D9*12/G9,0)+1+I9)*E9*H9 -> 130.52 | T9: =(D9-0)*H9 -> 8.17 | U9: =D9*H9 -> 8.17 | X9: =D9*3 -> 24.51 | Y9: =D9*(J9*K9+L9*M9)-N9*2 -> 151.145 | AH9: =D9*E9 -> 106.63484 | AK9: =D9*2*H9 -> 16.34 | AT9: 1 1/2" C.R. channel @48" O.C. (S5.20 F. BRIDGING AND BRACING): floor(13.052/4)=3 lines
A10: W-07 A1 - Break Room 118 north / FCAM (door 118A). side 1 (STRIP): 1 layer 5/8" GWB to 9.5 ft | side 2 (118): 1 layer 5/8" GWB to 9.0 ft (ceiling + 6", 3/A12.01; open-to-structure face to deck) | B10: A02.01 -> 3/A12.01 (A1 & A5) -> S5.20 METAL STUD PROPERTIES (362S137-33 @16") -> A04.01 (ceiling per face) | zone LOW (S2.20 B.O.D. 13'-0 5/8" high end) | C10: [DERIVADO] L = vector faces A02.01 (band 54,55; tag A1@1540,1335) / 18 pt/ft; H = 13.052 = 13'-0 5/8" - 0'-0" | D10: 5.11 | E10: 13.052 | F10: 2 | G10: 16 | H10: 1 | I10: 6 | J10: 9.5 | K10: 1 | L10: 9 | M10: 1 | N10: 24 | P10: =(ROUNDUP(D10*12/G10,0)+1+I10)*E10*H10 -> 143.572 | T10: =(D10-3)*H10 -> 2.11 | U10: =D10*H10 -> 5.11 | X10: =D10*3 -> 15.33 | Y10: =D10*(J10*K10+L10*M10)-N10*2 -> 46.535 | AH10: =D10*E10 -> 66.69572 | AK10: =D10*2*H10 -> 10.22 | AT10: 1 1/2" C.R. channel @48" O.C. (S5.20 F. BRIDGING AND BRACING): floor(13.052/4)=3 lines
A11: W-04 A1 - Corridor 111 north end (door 111). side 1 (111): 1 layer 5/8" GWB to 9.0 ft | side 2 (103): 1 layer 5/8" GWB to 12.0 ft (ceiling + 6", 3/A12.01; open-to-structure face to deck) | B11: A02.01 -> 3/A12.01 (A1 & A5) -> S5.20 METAL STUD PROPERTIES (362S137-33 @16") -> A04.01 (ceiling per face) | zone HI (S2.20 B.O.D. 15'-4 1/2") | C11: [DERIVADO] L = vector faces A02.01 (band 45,46; tag A1@1147,1253) / 18 pt/ft; H = 15.375 = 15'-4 1/2" - 0'-0" | D11: 5 | E11: 15.375 | F11: 2 | G11: 16 | H11: 1 | I11: 6 | J11: 9 | K11: 1 | L11: 12 | M11: 1 | N11: 24 | P11: =(ROUNDUP(D11*12/G11,0)+1+I11)*E11*H11 -> 169.125 | T11: =(D11-3)*H11 -> 2 | U11: =D11*H11 -> 5 | X11: =D11*3 -> 15 | Y11: =D11*(J11*K11+L11*M11)-N11*2 -> 57 | AH11: =D11*E11 -> 76.875 | AK11: =D11*2*H11 -> 10 | AT11: 1 1/2" C.R. channel @48" O.C. (S5.20 F. BRIDGING AND BRACING): floor(15.375/4)=3 lines
A12: W-02 A1 - MW01 printer recess - east side. side 1 (122): 1 layer 5/8" GWB to 9.0 ft | side 2 (103): 1 layer 5/8" GWB to 12.0 ft (ceiling + 6", 3/A12.01; open-to-structure face to deck) | B12: A02.01 -> 3/A12.01 (A1 & A5) -> S5.20 METAL STUD PROPERTIES (362S137-33 @16") -> A04.01 (ceiling per face) | zone HI (S2.20 B.O.D. 15'-4 1/2") | C12: [DERIVADO] L = vector faces A02.01 (lw1.2 faces x1271.16/1278.48; tag A1@1299,1000) / 18 pt/ft; H = 15.375 = 15'-4 1/2" - 0'-0" | D12: 3.12 | E12: 15.375 | F12: 2 | G12: 16 | H12: 1 | I12: 2 | J12: 9 | K12: 1 | L12: 12 | M12: 1 | N12: 0 | P12: =(ROUNDUP(D12*12/G12,0)+1+I12)*E12*H12 -> 92.25 | T12: =(D12-0)*H12 -> 3.12 | U12: =D12*H12 -> 3.12 | X12: =D12*3 -> 9.36 | Y12: =D12*(J12*K12+L12*M12)-N12*2 -> 65.52 | AH12: =D12*E12 -> 47.97 | AK12: =D12*2*H12 -> 6.24 | AT12: 1 1/2" C.R. channel @48" O.C. (S5.20 F. BRIDGING AND BRACING): floor(15.375/4)=3 lines
A13: W-03 A1 - MW01 printer recess - south side. side 1 (122): 1 layer 5/8" GWB to 9.0 ft | side 2 (103): 1 layer 5/8" GWB to 12.0 ft (ceiling + 6", 3/A12.01; open-to-structure face to deck) | B13: A02.01 -> 3/A12.01 (A1 & A5) -> S5.20 METAL STUD PROPERTIES (362S137-33 @16") -> A04.01 (ceiling per face) | zone HI (S2.20 B.O.D. 15'-4 1/2") | C13: [DERIVADO] L = vector faces A02.01 (band 36; tag A1@1246,1063) / 18 pt/ft; H = 15.375 = 15'-4 1/2" - 0'-0" | D13: 2.02 | E13: 15.375 | F13: 2 | G13: 16 | H13: 1 | I13: 2 | J13: 9 | K13: 1 | L13: 12 | M13: 1 | N13: 0 | P13: =(ROUNDUP(D13*12/G13,0)+1+I13)*E13*H13 -> 76.875 | T13: =(D13-0)*H13 -> 2.02 | U13: =D13*H13 -> 2.02 | X13: =D13*3 -> 6.06 | Y13: =D13*(J13*K13+L13*M13)-N13*2 -> 42.42 | AH13: =D13*E13 -> 31.0575 | AK13: =D13*2*H13 -> 4.04 | AT13: 1 1/2" C.R. channel @48" O.C. (S5.20 F. BRIDGING AND BRACING): floor(15.375/4)=3 lines
A14: W-08 A1 - Calling Cubes east line - stub to Break Room. side 1 (118): 1 layer 5/8" GWB to 9.0 ft | side 2 (STRIP): 1 layer 5/8" GWB to 9.5 ft (ceiling + 6", 3/A12.01; open-to-structure face to deck) | B14: A02.01 -> 3/A12.01 (A1 & A5) -> S5.20 METAL STUD PROPERTIES (362S137-33 @16") -> A04.01 (ceiling per face) | zone LOW (S2.20 B.O.D. 13'-0 5/8" high end) | C14: [DERIVADO] L = vector faces A02.01 (band 129; tag A1@1508,1342) / 18 pt/ft; H = 13.052 = 13'-0 5/8" - 0'-0" | D14: 1.73 | E14: 13.052 | F14: 2 | G14: 16 | H14: 1 | I14: 2 | J14: 9 | K14: 1 | L14: 9.5 | M14: 1 | N14: 0 | P14: =(ROUNDUP(D14*12/G14,0)+1+I14)*E14*H14 -> 65.26 | T14: =(D14-0)*H14 -> 1.73 | U14: =D14*H14 -> 1.73 | X14: =D14*3 -> 5.19 | Y14: =D14*(J14*K14+L14*M14)-N14*2 -> 32.005 | AH14: =D14*E14 -> 22.57996 | AK14: =D14*2*H14 -> 3.46 | AT14: 1 1/2" C.R. channel @48" O.C. (S5.20 F. BRIDGING AND BRACING): floor(13.052/4)=3 lines
A15: TYPE / SCOPE: A5
A16: W-13 A5 - Calling Cubes 122 east / Central Zone - HI zone part (north of grid B). side 1 (122): 1 layer 5/8" GWB to 9.0 ft | side 2 (103): 1 layer 5/8" GWB to 12.0 ft (ceiling + 6", 3/A12.01; open-to-structure face to deck) | B16: A02.01 -> 3/A12.01 (A1 & A5) -> S5.20 METAL STUD PROPERTIES (600S137-33) -> A04.01 (ceiling per face) | zone HI (S2.20 B.O.D. 15'-4 1/2") | C16: [DERIVADO] L = vector faces A02.01 (band 128; tag A5@1544,1118) / 18 pt/ft; H = 15.375 = 15'-4 1/2" - 0'-0" | D16: 14.98 | E16: 15.375 | F16: 2 | G16: 16 | H16: 1 | I16: 2 | J16: 9 | K16: 1 | L16: 12 | M16: 1 | N16: 0 | O16: =(ROUNDUP(D16*12/G16,0)+1+I16)*E16*H16 -> 230.625 | T16: =(D16-0)*H16 -> 14.98 | U16: =D16*H16 -> 14.98 | X16: =D16*3 -> 44.94 | Y16: =D16*(J16*K16+L16*M16)-N16*2 -> 314.58 | AH16: =D16*E16 -> 230.3175 | AK16: =D16*2*H16 -> 29.96 | AT16: 1 1/2" C.R. channel @48" O.C. (S5.20 F. BRIDGING AND BRACING): floor(15.375/4)=3 lines
A17: W-11 A5 - Calling Cubes 122 west / Office 5-6 corridor side. side 1 (103): 1 layer 5/8" GWB to 12.0 ft | side 2 (122): 1 layer 5/8" GWB to 9.0 ft (ceiling + 6", 3/A12.01; open-to-structure face to deck) | B17: A02.01 -> 3/A12.01 (A1 & A5) -> S5.20 METAL STUD PROPERTIES (600S137-33) -> A04.01 (ceiling per face) | zone HI (S2.20 B.O.D. 15'-4 1/2") | C17: [DERIVADO] L = vector faces A02.01 (band 115-117; tag A5@1209,1128) / 18 pt/ft; H = 15.375 = 15'-4 1/2" - 0'-0" | D17: 10.59 | E17: 15.375 | F17: 2 | G17: 16 | H17: 1 | I17: 2 | J17: 12 | K17: 1 | L17: 9 | M17: 1 | N17: 0 | O17: =(ROUNDUP(D17*12/G17,0)+1+I17)*E17*H17 -> 169.125 | T17: =(D17-0)*H17 -> 10.59 | U17: =D17*H17 -> 10.59 | X17: =D17*3 -> 31.77 | Y17: =D17*(J17*K17+L17*M17)-N17*2 -> 222.39 | AH17: =D17*E17 -> 162.82125 | AK17: =D17*2*H17 -> 21.18 | AT17: 1 1/2" C.R. channel @48" O.C. (S5.20 F. BRIDGING AND BRACING): floor(15.375/4)=3 lines
A18: W-13B A5 - Calling Cubes 122 east / Central strip - LOW zone part (south of grid B). side 1 (122): 1 layer 5/8" GWB to 9.0 ft | side 2 (STRIP): 1 layer 5/8" GWB to 9.5 ft (ceiling + 6", 3/A12.01; open-to-structure face to deck) | B18: A02.01 -> 3/A12.01 (A1 & A5) -> S5.20 METAL STUD PROPERTIES (600S137-33) -> A04.01 (ceiling per face) | zone LOW (S2.20 B.O.D. 13'-0 5/8" high end) | C18: [DERIVADO] L = vector faces A02.01 (band 128 split at grid B y1244.4) / 18 pt/ft; H = 13.052 = 13'-0 5/8" - 0'-0" | D18: 4.02 | E18: 13.052 | F18: 2 | G18: 16 | H18: 1 | I18: 2 | J18: 9 | K18: 1 | L18: 9.5 | M18: 1 | N18: 0 | O18: =(ROUNDUP(D18*12/G18,0)+1+I18)*E18*H18 -> 91.364 | T18: =(D18-0)*H18 -> 4.02 | U18: =D18*H18 -> 4.02 | X18: =D18*3 -> 12.06 | Y18: =D18*(J18*K18+L18*M18)-N18*2 -> 74.37 | AH18: =D18*E18 -> 52.46904 | AK18: =D18*2*H18 -> 8.04 | AT18: 1 1/2" C.R. channel @48" O.C. (S5.20 F. BRIDGING AND BRACING): floor(13.052/4)=3 lines
A19: W-14 A5 - Break Room 118 east / Cash Window - FCAM (south to door 116). side 1 (118): 1 layer 5/8" GWB to 9.0 ft | side 2 (116): 1 layer 5/8" GWB to 9.5 ft (ceiling + 6", 3/A12.01; open-to-structure face to deck) | B19: A02.01 -> 3/A12.01 (A1 & A5) -> S5.20 METAL STUD PROPERTIES (600S137-33) -> A04.01 (ceiling per face) | zone LOW (S2.20 B.O.D. 13'-0 5/8" high end) | C19: [DERIVADO] L = vector faces A02.01 (band 139; tag A5@1650,1409) / 18 pt/ft; H = 13.052 = 13'-0 5/8" - 0'-0" | D19: 3.28 | E19: 13.052 | F19: 2 | G19: 16 | H19: 1 | I19: 2 | J19: 9 | K19: 1 | L19: 9.5 | M19: 1 | N19: 0 | O19: =(ROUNDUP(D19*12/G19,0)+1+I19)*E19*H19 -> 78.312 | T19: =(D19-0)*H19 -> 3.28 | U19: =D19*H19 -> 3.28 | X19: =D19*3 -> 9.84 | Y19: =D19*(J19*K19+L19*M19)-N19*2 -> 60.68 | AH19: =D19*E19 -> 42.81056 | AK19: =D19*2*H19 -> 6.56 | AT19: 1 1/2" C.R. channel @48" O.C. (S5.20 F. BRIDGING AND BRACING): floor(13.052/4)=3 lines
A20: W-12 A5 - Corridor 111 east - stub north of door 122. side 1 (111): 1 layer 5/8" GWB to 9.0 ft | side 2 (122): 1 layer 5/8" GWB to 9.0 ft (ceiling + 6", 3/A12.01; open-to-structure face to deck) | B20: A02.01 -> 3/A12.01 (A1 & A5) -> S5.20 METAL STUD PROPERTIES (600S137-33) -> A04.01 (ceiling per face) | zone LOW (S2.20 B.O.D. 13'-0 5/8" high end) | C20: [DERIVADO] L = vector faces A02.01 (band 118; tag A5@1264,1240) / 18 pt/ft; H = 13.052 = 13'-0 5/8" - 0'-0" | D20: 0.97 | E20: 13.052 | F20: 2 | G20: 16 | H20: 1 | I20: 2 | J20: 9 | K20: 1 | L20: 9 | M20: 1 | N20: 0 | O20: =(ROUNDUP(D20*12/G20,0)+1+I20)*E20*H20 -> 52.208 | T20: =(D20-0)*H20 -> 0.97 | U20: =D20*H20 -> 0.97 | X20: =D20*3 -> 2.91 | Y20: =D20*(J20*K20+L20*M20)-N20*2 -> 17.46 | AH20: =D20*E20 -> 12.66044 | AK20: =D20*2*H20 -> 1.94 | AT20: 1 1/2" C.R. channel @48" O.C. (S5.20 F. BRIDGING AND BRACING): floor(13.052/4)=3 lines
A21: TYPE / SCOPE: B
A22: W-23 B - Electrical 120 + NER 121 east / Break Room (doors 120,121). each side: 1 layer 5/8" GWB full height to underside of structure (1/A12.01) | B22: A02.01 -> 1/A12.01 (B, B2) -> S5.20 METAL STUD PROPERTIES (362S137-33 @16") -> S2.20 (B.O.D.) | zone LOW (S2.20 B.O.D. 13'-0 5/8" high end) | C22: [DERIVADO] L = vector faces A02.01 (band 123-126; tag B@1401,1583) / 18 pt/ft; H = 13.052 = 13'-0 5/8" - 0'-0" | D22: 13.74 | E22: 13.052 | F22: 2 | G22: 16 | H22: 1 | I22: 10 | J22: 13.052 | K22: 1 | L22: 13.052 | M22: 1 | N22: 42 | P22: =(ROUNDUP(D22*12/G22,0)+1+I22)*E22*H22 -> 287.144 | T22: =(D22-6)*H22 -> 7.74 | U22: =D22*H22 -> 13.74 | X22: =D22*3 -> 41.22 | Y22: =D22*(J22*K22+L22*M22)-N22*2 -> 274.66896 | AH22: =D22*E22 -> 179.33448 | AK22: =D22*4 -> 54.96 | AT22: 1 1/2" C.R. channel @48" O.C. (S5.20 F. BRIDGING AND BRACING): floor(13.052/4)=3 lines
A23: W-24 B - Janitor 112 + Storage 117 south / Wellness 115 north. each side: 1 layer 5/8" GWB full height to underside of structure (1/A12.01) | B23: A02.01 -> 1/A12.01 (B, B2) -> S5.20 METAL STUD PROPERTIES (362S137-33 @16") -> S2.20 (B.O.D.) | zone LOW (S2.20 B.O.D. 13'-0 5/8" high end) | C23: [DERIVADO] L = vector faces A02.01 (band 65-67; tag B@1102,1607) / 18 pt/ft; H = 13.052 = 13'-0 5/8" - 0'-0" | D23: 11.73 | E23: 13.052 | F23: 2 | G23: 16 | H23: 1 | I23: 2 | J23: 13.052 | K23: 1 | L23: 13.052 | M23: 1 | N23: 0 | P23: =(ROUNDUP(D23*12/G23,0)+1+I23)*E23*H23 -> 156.624 | T23: =(D23-0)*H23 -> 11.73 | U23: =D23*H23 -> 11.73 | X23: =D23*3 -> 35.19 | Y23: =D23*(J23*K23+L23*M23)-N23*2 -> 306.19992 | AH23: =D23*E23 -> 153.09996 | AK23: =D23*4 -> 46.92 | AT23: 1 1/2" C.R. channel @48" O.C. (S5.20 F. BRIDGING AND BRACING): floor(13.052/4)=3 lines
A24: W-26 B - Men's RR 113 south / Janitor 112 north (door 112). each side: 1 layer 5/8" GWB full height to underside of structure (1/A12.01) | B24: A02.01 -> 1/A12.01 (B, B2) -> S5.20 METAL STUD PROPERTIES (362S137-33 @16") -> S2.20 (B.O.D.) | zone LOW (S2.20 B.O.D. 13'-0 5/8" high end) | C24: [DERIVADO] L = vector faces A02.01 (lw1.2 faces y1508.52/1515.84; tag B@1052,1497) / 18 pt/ft; H = 13.052 = 13'-0 5/8" - 0'-0" | D24: 11.73 | E24: 13.052 | F24: 2 | G24: 16 | H24: 1 | I24: 6 | J24: 13.052 | K24: 1 | L24: 13.052 | M24: 1 | N24: 21 | P24: =(ROUNDUP(D24*12/G24,0)+1+I24)*E24*H24 -> 208.832 | T24: =(D24-3)*H24 -> 8.73 | U24: =D24*H24 -> 11.73 | X24: =D24*3 -> 35.19 | Y24: =D24*(J24*K24+L24*M24)-N24*2 -> 264.19992 | AH24: =D24*E24 -> 153.09996 | AK24: =D24*4 -> 46.92 | AT24: 1 1/2" C.R. channel @48" O.C. (S5.20 F. BRIDGING AND BRACING): floor(13.052/4)=3 lines
A25: W-21 B - Electrical 120 north / Break Room. each side: 1 layer 5/8" GWB full height to underside of structure (1/A12.01) | B25: A02.01 -> 1/A12.01 (B, B2) -> S5.20 METAL STUD PROPERTIES (362S137-33 @16") -> S2.20 (B.O.D.) | zone LOW (S2.20 B.O.D. 13'-0 5/8" high end) | C25: [DERIVADO] L = vector faces A02.01 (band 60,61; tag B@1381,1457) / 18 pt/ft; H = 13.052 = 13'-0 5/8" - 0'-0" | D25: 9.58 | E25: 13.052 | F25: 2 | G25: 16 | H25: 1 | I25: 2 | J25: 13.052 | K25: 1 | L25: 13.052 | M25: 1 | N25: 0 | P25: =(ROUNDUP(D25*12/G25,0)+1+I25)*E25*H25 -> 143.572 | T25: =(D25-0)*H25 -> 9.58 | U25: =D25*H25 -> 9.58 | X25: =D25*3 -> 28.74 | Y25: =D25*(J25*K25+L25*M25)-N25*2 -> 250.07632 | AH25: =D25*E25 -> 125.03816 | AK25: =D25*4 -> 38.32 | AT25: 1 1/2" C.R. channel @48" O.C. (S5.20 F. BRIDGING AND BRACING): floor(13.052/4)=3 lines
A26: W-22 B - Electrical 120 / NER 121. each side: 1 layer 5/8" GWB full height to underside of structure (1/A12.01) | B26: A02.01 -> 1/A12.01 (B, B2) -> S5.20 METAL STUD PROPERTIES (362S137-33 @16") -> S2.20 (B.O.D.) | zone LOW (S2.20 B.O.D. 13'-0 5/8" high end) | C26: [DERIVADO] L = vector faces A02.01 (band 64; tag B@1384,1572) / 18 pt/ft; H = 13.052 = 13'-0 5/8" - 0'-0" | D26: 9.58 | E26: 13.052 | F26: 2 | G26: 16 | H26: 1 | I26: 2 | J26: 13.052 | K26: 1 | L26: 13.052 | M26: 1 | N26: 0 | P26: =(ROUNDUP(D26*12/G26,0)+1+I26)*E26*H26 -> 143.572 | T26: =(D26-0)*H26 -> 9.58 | U26: =D26*H26 -> 9.58 | X26: =D26*3 -> 28.74 | Y26: =D26*(J26*K26+L26*M26)-N26*2 -> 250.07632 | AH26: =D26*E26 -> 125.03816 | AK26: =D26*4 -> 38.32 | AT26: 1 1/2" C.R. channel @48" O.C. (S5.20 F. BRIDGING AND BRACING): floor(13.052/4)=3 lines
A27: W-37 B - Drinking fountain alcove - back wall (restroom chase side). each side: 1 layer 5/8" GWB full height to underside of structure (1/A12.01) | B27: A02.01 -> 1/A12.01 (B, B2) -> S5.20 METAL STUD PROPERTIES (362S137-33 @16") -> S2.20 (B.O.D.) | zone LOW (S2.20 B.O.D. 13'-0 5/8" high end) | C27: [DERIVADO] L = vector faces A02.01 (lw1.2 x1092.36/1099.68; thickness 4.88 in) / 18 pt/ft; H = 13.052 = 13'-0 5/8" - 0'-0" | D27: 4.89 | E27: 13.052 | F27: 2 | G27: 16 | H27: 1 | I27: 2 | J27: 13.052 | K27: 1 | L27: 13.052 | M27: 1 | N27: 0 | P27: =(ROUNDUP(D27*12/G27,0)+1+I27)*E27*H27 -> 91.364 | T27: =(D27-0)*H27 -> 4.89 | U27: =D27*H27 -> 4.89 | X27: =D27*3 -> 14.67 | Y27: =D27*(J27*K27+L27*M27)-N27*2 -> 127.64856 | AH27: =D27*E27 -> 63.82428 | AK27: =D27*4 -> 19.56 | AT27: 1 1/2" C.R. channel @48" O.C. (S5.20 F. BRIDGING AND BRACING): floor(13.052/4)=3 lines
A28: W-25 B - Janitor 112 / Storage 117 (MW06A-MW05). each side: 1 layer 5/8" GWB full height to underside of structure (1/A12.01) | B28: A02.01 -> 1/A12.01 (B, B2) -> S5.20 METAL STUD PROPERTIES (362S137-33 @16") -> S2.20 (B.O.D.) | zone LOW (S2.20 B.O.D. 13'-0 5/8" high end) | C28: [DERIVADO] L = vector faces A02.01 (band 95; tag B@1048,1532) / 18 pt/ft; H = 13.052 = 13'-0 5/8" - 0'-0" | D28: 3.5 | E28: 13.052 | F28: 2 | G28: 16 | H28: 1 | I28: 2 | J28: 13.052 | K28: 1 | L28: 13.052 | M28: 1 | N28: 0 | P28: =(ROUNDUP(D28*12/G28,0)+1+I28)*E28*H28 -> 78.312 | T28: =(D28-0)*H28 -> 3.5 | U28: =D28*H28 -> 3.5 | X28: =D28*3 -> 10.5 | Y28: =D28*(J28*K28+L28*M28)-N28*2 -> 91.364 | AH28: =D28*E28 -> 45.682 | AK28: =D28*4 -> 14 | AT28: 1 1/2" C.R. channel @48" O.C. (S5.20 F. BRIDGING AND BRACING): floor(13.052/4)=3 lines
A29: W-38 B - Drinking fountain alcove - north return. each side: 1 layer 5/8" GWB full height to underside of structure (1/A12.01) | B29: A02.01 -> 1/A12.01 (B, B2) -> S5.20 METAL STUD PROPERTIES (362S137-33 @16") -> S2.20 (B.O.D.) | zone LOW (S2.20 B.O.D. 13'-0 5/8" high end) | C29: [DERIVADO] L = vector faces A02.01 (lw1.2 y1328.64/1335.96) / 18 pt/ft; H = 13.052 = 13'-0 5/8" - 0'-0" | D29: 1.9 | E29: 13.052 | F29: 2 | G29: 16 | H29: 1 | I29: 2 | J29: 13.052 | K29: 1 | L29: 13.052 | M29: 1 | N29: 0 | P29: =(ROUNDUP(D29*12/G29,0)+1+I29)*E29*H29 -> 65.26 | T29: =(D29-0)*H29 -> 1.9 | U29: =D29*H29 -> 1.9 | X29: =D29*3 -> 5.7 | Y29: =D29*(J29*K29+L29*M29)-N29*2 -> 49.5976 | AH29: =D29*E29 -> 24.7988 | AK29: =D29*4 -> 7.6 | AT29: 1 1/2" C.R. channel @48" O.C. (S5.20 F. BRIDGING AND BRACING): floor(13.052/4)=3 lines
A30: W-39 B - Drinking fountain alcove - south return. each side: 1 layer 5/8" GWB full height to underside of structure (1/A12.01) | B30: A02.01 -> 1/A12.01 (B, B2) -> S5.20 METAL STUD PROPERTIES (362S137-33 @16") -> S2.20 (B.O.D.) | zone LOW (S2.20 B.O.D. 13'-0 5/8" high end) | C30: [DERIVADO] L = vector faces A02.01 (lw1.2 y1409.28/1416.6) / 18 pt/ft; H = 13.052 = 13'-0 5/8" - 0'-0" | D30: 1.9 | E30: 13.052 | F30: 2 | G30: 16 | H30: 1 | I30: 2 | J30: 13.052 | K30: 1 | L30: 13.052 | M30: 1 | N30: 0 | P30: =(ROUNDUP(D30*12/G30,0)+1+I30)*E30*H30 -> 65.26 | T30: =(D30-0)*H30 -> 1.9 | U30: =D30*H30 -> 1.9 | X30: =D30*3 -> 5.7 | Y30: =D30*(J30*K30+L30*M30)-N30*2 -> 49.5976 | AH30: =D30*E30 -> 24.7988 | AK30: =D30*4 -> 7.6 | AT30: 1 1/2" C.R. channel @48" O.C. (S5.20 F. BRIDGING AND BRACING): floor(13.052/4)=3 lines
A31: TYPE / SCOPE: B2
A32: W-36 B2 - Break Room 118 east / Work Room 119 west. each side: 1 layer 5/8" GWB full height to underside of structure (1/A12.01) | B32: A02.01 -> 1/A12.01 (B, B2) -> S5.20 METAL STUD PROPERTIES (600S137-33 @16") -> S2.20 (B.O.D.) | zone LOW (S2.20 B.O.D. 13'-0 5/8" high end) | C32: [DERIVADO] L = vector faces A02.01 (band 140-143; tags B2@1603,1493 + B2@1652,1622) / 18 pt/ft; H = 13.052 = 13'-0 5/8" - 0'-0" | D32: 11.74 | E32: 13.052 | F32: 2 | G32: 16 | H32: 1 | I32: 2 | J32: 13.052 | K32: 1 | L32: 13.052 | M32: 1 | N32: 0 | O32: =(ROUNDUP(D32*12/G32,0)+1+I32)*E32*H32 -> 156.624 | T32: =(D32-0)*H32 -> 11.74 | U32: =D32*H32 -> 11.74 | X32: =D32*3 -> 35.22 | Y32: =D32*(J32*K32+L32*M32)-N32*2 -> 306.46096 | AH32: =D32*E32 -> 153.23048 | AK32: =D32*4 -> 46.96 | AT32: 1 1/2" C.R. channel @48" O.C. (S5.20 F. BRIDGING AND BRACING): floor(13.052/4)=3 lines
A33: W-35 B2 - Wellness 115 east / Corridor (door 115). each side: 1 layer 5/8" GWB full height to underside of structure (1/A12.01) | B33: A02.01 -> 1/A12.01 (B, B2) -> S5.20 METAL STUD PROPERTIES (600S137-33 @16") -> S2.20 (B.O.D.) | zone LOW (S2.20 B.O.D. 13'-0 5/8" high end) | C33: [DERIVADO] L = vector faces A02.01 (band 107,108; tag B2@1153,1596) / 18 pt/ft; H = 13.052 = 13'-0 5/8" - 0'-0" | D33: 5.96 | E33: 13.052 | F33: 2 | G33: 16 | H33: 1 | I33: 6 | J33: 13.052 | K33: 1 | L33: 13.052 | M33: 1 | N33: 21 | O33: =(ROUNDUP(D33*12/G33,0)+1+I33)*E33*H33 -> 156.624 | T33: =(D33-3)*H33 -> 2.96 | U33: =D33*H33 -> 5.96 | X33: =D33*3 -> 17.88 | Y33: =D33*(J33*K33+L33*M33)-N33*2 -> 113.57984 | AH33: =D33*E33 -> 77.78992 | AK33: =D33*4 -> 23.84 | AT33: 1 1/2" C.R. channel @48" O.C. (S5.20 F. BRIDGING AND BRACING): floor(13.052/4)=3 lines
A34: W-31 B2 - ATM Room 102 east / Central Zone (door 102). each side: 1 layer 5/8" GWB full height to underside of structure (1/A12.01) | B34: A02.01 -> 1/A12.01 (B, B2) -> S5.20 METAL STUD PROPERTIES (600S137-33 @16") -> S2.20 (B.O.D.) | zone HI (S2.20 B.O.D. 15'-4 1/2") | C34: [DERIVADO] L = vector faces A02.01 (band 103,104; tag B2@1110,745) / 18 pt/ft; H = 15.375 = 15'-4 1/2" - 0'-0" | D34: 5.66 | E34: 15.375 | F34: 2 | G34: 16 | H34: 1 | I34: 6 | J34: 15.375 | K34: 1 | L34: 15.375 | M34: 1 | N34: 28 | O34: =(ROUNDUP(D34*12/G34,0)+1+I34)*E34*H34 -> 184.5 | T34: =(D34-3.5)*H34 -> 2.16 | U34: =D34*H34 -> 5.66 | X34: =D34*3 -> 16.98 | Y34: =D34*(J34*K34+L34*M34)-N34*2 -> 118.045 | AH34: =D34*E34 -> 87.0225 | AK34: =D34*4 -> 22.64 | AT34: 1 1/2" C.R. channel @48" O.C. (S5.20 F. BRIDGING AND BRACING): floor(15.375/4)=3 lines
A35: W-32 B2 - Women's RR 114 east / Corridor - north of fountain alcove. each side: 1 layer 5/8" GWB full height to underside of structure (1/A12.01) | B35: A02.01 -> 1/A12.01 (B, B2) -> S5.20 METAL STUD PROPERTIES (600S137-33 @16") -> S2.20 (B.O.D.) | zone LOW (S2.20 B.O.D. 13'-0 5/8" high end) | C35: [DERIVADO] L = vector faces A02.01 (lw1.2 x1123.08/1133.88; tag B2@1146,1313) / 18 pt/ft; H = 13.052 = 13'-0 5/8" - 0'-0" | D35: 1.82 | E35: 13.052 | F35: 2 | G35: 16 | H35: 1 | I35: 2 | J35: 13.052 | K35: 1 | L35: 13.052 | M35: 1 | N35: 0 | O35: =(ROUNDUP(D35*12/G35,0)+1+I35)*E35*H35 -> 65.26 | T35: =(D35-0)*H35 -> 1.82 | U35: =D35*H35 -> 1.82 | X35: =D35*3 -> 5.46 | Y35: =D35*(J35*K35+L35*M35)-N35*2 -> 47.50928 | AH35: =D35*E35 -> 23.75464 | AK35: =D35*4 -> 7.28 | AT35: 1 1/2" C.R. channel @48" O.C. (S5.20 F. BRIDGING AND BRACING): floor(13.052/4)=3 lines
A36: W-33 B2 - Men's RR 113 east / Corridor - south of fountain alcove. each side: 1 layer 5/8" GWB full height to underside of structure (1/A12.01) | B36: A02.01 -> 1/A12.01 (B, B2) -> S5.20 METAL STUD PROPERTIES (600S137-33 @16") -> S2.20 (B.O.D.) | zone LOW (S2.20 B.O.D. 13'-0 5/8" high end) | C36: [DERIVADO] L = vector faces A02.01 (band 105; tag B2@1155,1438) / 18 pt/ft; H = 13.052 = 13'-0 5/8" - 0'-0" | D36: 1.8 | E36: 13.052 | F36: 2 | G36: 16 | H36: 1 | I36: 2 | J36: 13.052 | K36: 1 | L36: 13.052 | M36: 1 | N36: 0 | O36: =(ROUNDUP(D36*12/G36,0)+1+I36)*E36*H36 -> 65.26 | T36: =(D36-0)*H36 -> 1.8 | U36: =D36*H36 -> 1.8 | X36: =D36*3 -> 5.4 | Y36: =D36*(J36*K36+L36*M36)-N36*2 -> 46.9872 | AH36: =D36*E36 -> 23.4936 | AK36: =D36*4 -> 7.2 | AT36: 1 1/2" C.R. channel @48" O.C. (S5.20 F. BRIDGING AND BRACING): floor(13.052/4)=3 lines
A37: W-34 B2 - Men's RR 113 / Corridor - south of door 113. each side: 1 layer 5/8" GWB full height to underside of structure (1/A12.01) | B37: A02.01 -> 1/A12.01 (B, B2) -> S5.20 METAL STUD PROPERTIES (600S137-33 @16") -> S2.20 (B.O.D.) | zone LOW (S2.20 B.O.D. 13'-0 5/8" high end) | C37: [DERIVADO] L = vector faces A02.01 (lw1.2 x1123.08/1133.88 y1501.68-1517.52) / 18 pt/ft; H = 13.052 = 13'-0 5/8" - 0'-0" | D37: 0.88 | E37: 13.052 | F37: 2 | G37: 16 | H37: 1 | I37: 2 | J37: 13.052 | K37: 1 | L37: 13.052 | M37: 1 | N37: 0 | O37: =(ROUNDUP(D37*12/G37,0)+1+I37)*E37*H37 -> 52.208 | T37: =(D37-0)*H37 -> 0.88 | U37: =D37*H37 -> 0.88 | X37: =D37*3 -> 2.64 | Y37: =D37*(J37*K37+L37*M37)-N37*2 -> 22.97152 | AH37: =D37*E37 -> 11.48576 | AK37: =D37*4 -> 3.52 | AT37: 1 1/2" C.R. channel @48" O.C. (S5.20 F. BRIDGING AND BRACING): floor(13.052/4)=3 lines
A38: TYPE / SCOPE: B2K
A39: W-41 B2K - Cash Window 116 north-west stub (teller line). teller side: 3/8" UL752 fiberglass to 8'-0" + 5/8" GWB | other side 5/8" GWB, full height (derived from 1/A12.01 + 4/A12.01) | B39: A02.01 (tag B2K) -> 1/A12.01 (B2) + 4/A12.01 (K = 3/8" UL752 fiberglass) -> S2.20 (B.O.D.) [type not in schedule, derived] | zone HI (S2.20 B.O.D. 15'-4 1/2") | C39: [DERIVADO] L = vector faces A02.01 (band 41 (7.67 in); tag B2K@1637,1137) / 18 pt/ft; H = 15.375 = 15'-4 1/2" - 0'-0" | D39: 1.26 | E39: 15.375 | F39: 2 | G39: 16 | H39: 1 | I39: 2 | J39: 15.375 | K39: 1 | L39: 15.375 | M39: 1 | N39: 0 | O39: =(ROUNDUP(D39*12/G39,0)+1+I39)*E39*H39 -> 61.5 | T39: =(D39-0)*H39 -> 1.26 | U39: =D39*H39 -> 1.26 | X39: =D39*3 -> 3.78 | Y39: =D39*(J39*K39+L39*M39)-N39*2 -> 38.745 | AE39: =D39*8 -> 10.08 | AH39: =D39*E39 -> 19.3725 | AK39: =D39*4 -> 5.04 | AT39: 1 1/2" C.R. channel @48" O.C. (S5.20 F. BRIDGING AND BRACING): floor(15.375/4)=3 lines
A40: TYPE / SCOPE: A1K
A41: W-52 A1K - Cash Window 116 south / FCAM. teller side: 5/8" GWB over 3/8" UL752 fiberglass to 8'-0", 3/8" GWB 8'-0" to structure | customer side: 5/8" GWB to structure (4/A12.01) | B41: A02.01 -> 4/A12.01 (A1K & A5K, WALL CONSTRUCTION SHALL INCLUDE: 14 GA @24") -> A12.08 (CSR line) -> S2.20 | zone LOW (S2.20 B.O.D. 13'-0 5/8" high end) | C41: [DERIVADO] L = vector faces A02.01 (band 51 (5.27 in); tags A1K@1663,1331 + A1K@1644,1335) / 18 pt/ft; H = 13.052 = 13'-0 5/8" - 0'-0" | D41: 2.62 | E41: 13.052 | F41: 2 | G41: 24 | H41: 1 | I41: 2 | J41: 13.052 | K41: 1 | L41: 13.052 | M41: 1 | N41: 0 | P41: =(ROUNDUP(D41*12/G41,0)+1+I41)*E41*H41 -> 65.26 | T41: =(D41-0)*H41 -> 2.62 | U41: =D41*H41 -> 2.62 | X41: =D41*3 -> 7.86 | Y41: =D41*(8*1+E41*1)-N41*2 -> 55.15624 | AA41: =D41*(E41-8) -> 13.23624 | AE41: =D41*8 -> 20.96 | AH41: =D41*E41 -> 34.19624 | AJ41: =D41*2 -> 5.24 | AK41: =D41*2*H41 -> 5.24 | AT41: 1 1/2" C.R. channel @48" O.C. (S5.20 F. BRIDGING AND BRACING): floor(13.052/4)=3 lines
A42: W-51 A1K - Cash Window 116 north (inside G wall). teller side: 5/8" GWB over 3/8" UL752 fiberglass to 8'-0", 3/8" GWB 8'-0" to structure | customer side: 5/8" GWB to structure (4/A12.01) | B42: A02.01 -> 4/A12.01 (A1K & A5K, WALL CONSTRUCTION SHALL INCLUDE: 14 GA @24") -> A12.08 (CSR line) -> S2.20 | zone HI (S2.20 B.O.D. 15'-4 1/2") | C42: [DERIVADO] L = vector faces A02.01 (band 43 (5.2 in); tag A1K@1660,1149) / 18 pt/ft; H = 15.375 = 15'-4 1/2" - 0'-0" | D42: 2.57 | E42: 15.375 | F42: 2 | G42: 24 | H42: 1 | I42: 2 | J42: 15.375 | K42: 1 | L42: 15.375 | M42: 1 | N42: 0 | P42: =(ROUNDUP(D42*12/G42,0)+1+I42)*E42*H42 -> 76.875 | T42: =(D42-0)*H42 -> 2.57 | U42: =D42*H42 -> 2.57 | X42: =D42*3 -> 7.71 | Y42: =D42*(8*1+E42*1)-N42*2 -> 60.07375 | AA42: =D42*(E42-8) -> 18.95375 | AE42: =D42*8 -> 20.56 | AH42: =D42*E42 -> 39.51375 | AJ42: =D42*2 -> 5.14 | AK42: =D42*2*H42 -> 5.14 | AT42: 1 1/2" C.R. channel @48" O.C. (S5.20 F. BRIDGING AND BRACING): floor(15.375/4)=3 lines
A43: W-53 A1K - Cash Window 116 south-west stub. teller side: 5/8" GWB over 3/8" UL752 fiberglass to 8'-0", 3/8" GWB 8'-0" to structure | customer side: 5/8" GWB to structure (4/A12.01) | B43: A02.01 -> 4/A12.01 (A1K & A5K, WALL CONSTRUCTION SHALL INCLUDE: 14 GA @24") -> A12.08 (CSR line) -> S2.20 | zone LOW (S2.20 B.O.D. 13'-0 5/8" high end) | C43: [DERIVADO] L = vector faces A02.01 (band 56 (5.2 in); tag A1K@1644,1335 (2nd leg)) / 18 pt/ft; H = 13.052 = 13'-0 5/8" - 0'-0" | D43: 1.16 | E43: 13.052 | F43: 2 | G43: 24 | H43: 1 | I43: 2 | J43: 13.052 | K43: 1 | L43: 13.052 | M43: 1 | N43: 0 | P43: =(ROUNDUP(D43*12/G43,0)+1+I43)*E43*H43 -> 52.208 | T43: =(D43-0)*H43 -> 1.16 | U43: =D43*H43 -> 1.16 | X43: =D43*3 -> 3.48 | Y43: =D43*(8*1+E43*1)-N43*2 -> 24.42032 | AA43: =D43*(E43-8) -> 5.86032 | AE43: =D43*8 -> 9.28 | AH43: =D43*E43 -> 15.14032 | AJ43: =D43*2 -> 2.32 | AK43: =D43*2*H43 -> 2.32 | AT43: 1 1/2" C.R. channel @48" O.C. (S5.20 F. BRIDGING AND BRACING): floor(13.052/4)=3 lines
A44: TYPE / SCOPE: C1
A45: W-62 C1 - Restroom wet wall - Women's RR 114 side furring. one side: 1 layer 5/8" GWB to underside of structure (6/A12.01); other side furred/chase | B45: A02.01 -> 6/A12.01 (C1: 3 5/8" stud + 5/8" GWB one face) -> A08.01 (restroom notes E,F) -> S2.20 | zone LOW (S2.20 B.O.D. 13'-0 5/8" high end) | C45: [DERIVADO] L = vector faces A02.01 (band 59 (13 in chase) north row; tag C1@1006,1342) / 18 pt/ft; H = 13.052 = 13'-0 5/8" - 0'-0" | D45: 10.03 | E45: 13.052 | F45: 1 | G45: 16 | H45: 1 | I45: 2 | J45: 13.052 | K45: 1 | L45: 0 | M45: 0 | N45: 0 | P45: =(ROUNDUP(D45*12/G45,0)+1+I45)*E45*H45 -> 143.572 | T45: =(D45-0)*H45 -> 10.03 | U45: =D45*H45 -> 10.03 | X45: =D45*3 -> 30.09 | Z45: =D45*J45*K45-N45 -> 130.91156 | AK45: =D45*2*H45 -> 20.06 | AT45: 1 1/2" C.R. channel @48" O.C. (S5.20 F. BRIDGING AND BRACING): floor(13.052/4)=3 lines
A46: W-63 C1 - Restroom wet wall - Men's RR 113 side furring. one side: 1 layer 5/8" GWB to underside of structure (6/A12.01); other side furred/chase | B46: A02.01 -> 6/A12.01 (C1: 3 5/8" stud + 5/8" GWB one face) -> A08.01 (restroom notes E,F) -> S2.20 | zone LOW (S2.20 B.O.D. 13'-0 5/8" high end) | C46: [DERIVADO] L = vector faces A02.01 (band 59 (13 in chase) south row; tag C1@1005,1399) / 18 pt/ft; H = 13.052 = 13'-0 5/8" - 0'-0" | D46: 10.03 | E46: 13.052 | F46: 1 | G46: 16 | H46: 1 | I46: 2 | J46: 13.052 | K46: 1 | L46: 0 | M46: 0 | N46: 0 | P46: =(ROUNDUP(D46*12/G46,0)+1+I46)*E46*H46 -> 143.572 | T46: =(D46-0)*H46 -> 10.03 | U46: =D46*H46 -> 10.03 | X46: =D46*3 -> 30.09 | Z46: =D46*J46*K46-N46 -> 130.91156 | AK46: =D46*2*H46 -> 20.06 | AT46: 1 1/2" C.R. channel @48" O.C. (S5.20 F. BRIDGING AND BRACING): floor(13.052/4)=3 lines
A47: W-61 C1 - Waiting 104 - media wall furring (keynote 7) on north face of W-01. one side: 1 layer 5/8" GWB to underside of structure (6/A12.01); other side furred/chase | B47: A02.01 -> 6/A12.01 (C1: 3 5/8" stud + 5/8" GWB one face) -> A08.01 (restroom notes E,F) -> S2.20 | zone HI (S2.20 B.O.D. 15'-4 1/2") | C47: [DERIVADO] L = vector faces A02.01 (band 29; tag C1@1305,943) / 18 pt/ft; H = 15.375 = 15'-4 1/2" - 0'-0" | D47: 9.29 | E47: 15.375 | F47: 1 | G47: 16 | H47: 1 | I47: 2 | J47: 15.375 | K47: 1 | L47: 0 | M47: 0 | N47: 0 | P47: =(ROUNDUP(D47*12/G47,0)+1+I47)*E47*H47 -> 153.75 | T47: =(D47-0)*H47 -> 9.29 | U47: =D47*H47 -> 9.29 | X47: =D47*3 -> 27.87 | Y47: =D47*(J47*K47+L47*M47)-N47*2 -> 142.83375 | AK47: =D47*2*H47 -> 18.58 | AT47: 1 1/2" C.R. channel @48" O.C. (S5.20 F. BRIDGING AND BRACING): floor(15.375/4)=3 lines
A48: W-64 C1 - FCAM side furring at Cash Window south. one side: 1 layer 5/8" GWB to underside of structure (6/A12.01); other side furred/chase | B48: A02.01 -> 6/A12.01 (C1: 3 5/8" stud + 5/8" GWB one face) -> A08.01 (restroom notes E,F) -> S2.20 | zone LOW (S2.20 B.O.D. 13'-0 5/8" high end) | C48: [DERIVADO] L = vector faces A02.01 (band 57,58; tag C1@1722,1373) / 18 pt/ft; H = 13.052 = 13'-0 5/8" - 0'-0" | D48: 2.62 | E48: 13.052 | F48: 1 | G48: 16 | H48: 1 | I48: 2 | J48: 13.052 | K48: 1 | L48: 0 | M48: 0 | N48: 0 | P48: =(ROUNDUP(D48*12/G48,0)+1+I48)*E48*H48 -> 65.26 | T48: =(D48-0)*H48 -> 2.62 | U48: =D48*H48 -> 2.62 | X48: =D48*3 -> 7.86 | Y48: =D48*(J48*K48+L48*M48)-N48*2 -> 34.19624 | AK48: =D48*2*H48 -> 5.24 | AT48: 1 1/2" C.R. channel @48" O.C. (S5.20 F. BRIDGING AND BRACING): floor(13.052/4)=3 lines
A49: TYPE / SCOPE: F
A50: W-71 F - 24 HR Vestibule 101 / ATM Room 102 - diagonal (60 deg). lobby side (101): 3/4" FRT plywood to deck + 5/8" GWB to ceiling+6" | ATM side (102): 5/8" GWB to ceiling+6" (12/A12.01) | B50: A02.01 -> 12/A12.01 (F: 3 5/8" @16", 3/4" FRT plywood public side to deck) -> A08.11 (ATM) -> S2.20 | zone HI (S2.20 B.O.D. 15'-4 1/2") | C50: [DERIVADO] L = vector faces A02.01 (lw1.2 diagonal faces (841.44,553.8)-(1113.6,710.88); tag F@1074,671) / 18 pt/ft; H = 15.375 = 15'-4 1/2" - 0'-0" | D50: 17.46 | E50: 15.375 | F50: 2 | G50: 16 | H50: 1 | I50: 2 | J50: 10.5 | K50: 1 | L50: 9 | M50: 1 | N50: 0 | P50: =(ROUNDUP(D50*12/G50,0)+1+I50)*E50*H50 -> 261.375 | T50: =(D50-0)*H50 -> 17.46 | U50: =D50*H50 -> 17.46 | X50: =D50*3 -> 52.38 | Y50: =D50*(J50*K50+L50*M50)-N50*2 -> 340.47 | AD50: =D50*E50 -> 268.4475 | AH50: =D50*E50 -> 268.4475 | AK50: =D50*2*H50 -> 34.92 | AT50: 1 1/2" C.R. channel @48" O.C. (S5.20 F. BRIDGING AND BRACING): floor(15.375/4)=3 lines
A51: TYPE / SCOPE: G
A52: W-81 G - Office 2 106 / Office 3 107. each side: 2 layers 5/8" GWB to underside of structure (5/A12.01) | B52: A02.01 -> 5/A12.01 (G: double 1 5/8" stud + Soundguard isolator, 2 layers each face) -> S2.20 | zone HI (S2.20 B.O.D. 15'-4 1/2") | C52: [DERIVADO] L = vector faces A02.01 (band 19; tag G@1713,742) / 18 pt/ft; H = 15.375 = 15'-4 1/2" - 0'-0" | D52: 11.77 | E52: 15.375 | F52: 4 | G52: 16 | H52: 2 | I52: 2 | J52: 15.375 | K52: 2 | L52: 15.375 | M52: 2 | N52: 0 | Q52: =(ROUNDUP(D52*12/G52,0)+1+I52)*E52*H52 -> 369 | T52: =(D52-0)*H52 -> 23.54 | U52: =D52*H52 -> 23.54 | Y52: =D52*(J52*K52+L52*M52)-N52*2 -> 723.855 | AH52: =D52*E52 -> 180.96375 | AK52: =D52*4 -> 47.08
A53: W-82 G - Office 3 107 / Office 4 108. each side: 2 layers 5/8" GWB to underside of structure (5/A12.01) | B53: A02.01 -> 5/A12.01 (G: double 1 5/8" stud + Soundguard isolator, 2 layers each face) -> S2.20 | zone HI (S2.20 B.O.D. 15'-4 1/2") | C53: [DERIVADO] L = vector faces A02.01 (band 28; tag G@1716,936) / 18 pt/ft; H = 15.375 = 15'-4 1/2" - 0'-0" | D53: 11.77 | E53: 15.375 | F53: 4 | G53: 16 | H53: 2 | I53: 2 | J53: 15.375 | K53: 2 | L53: 15.375 | M53: 2 | N53: 0 | Q53: =(ROUNDUP(D53*12/G53,0)+1+I53)*E53*H53 -> 369 | T53: =(D53-0)*H53 -> 23.54 | U53: =D53*H53 -> 23.54 | Y53: =D53*(J53*K53+L53*M53)-N53*2 -> 723.855 | AH53: =D53*E53 -> 180.96375 | AK53: =D53*4 -> 47.08
A54: W-84 G - ATM Room 102 / Office 5 109. each side: 2 layers 5/8" GWB to underside of structure (5/A12.01) | B54: A02.01 -> 5/A12.01 (G: double 1 5/8" stud + Soundguard isolator, 2 layers each face) -> S2.20 | zone HI (S2.20 B.O.D. 15'-4 1/2") | C54: [DERIVADO] L = vector faces A02.01 (band 23; tag G@1052,818) / 18 pt/ft; H = 15.375 = 15'-4 1/2" - 0'-0" | D54: 11.63 | E54: 15.375 | F54: 4 | G54: 16 | H54: 2 | I54: 2 | J54: 15.375 | K54: 2 | L54: 15.375 | M54: 2 | N54: 0 | Q54: =(ROUNDUP(D54*12/G54,0)+1+I54)*E54*H54 -> 369 | T54: =(D54-0)*H54 -> 23.26 | U54: =D54*H54 -> 23.26 | Y54: =D54*(J54*K54+L54*M54)-N54*2 -> 715.245 | AH54: =D54*E54 -> 178.81125 | AK54: =D54*4 -> 46.52
A55: W-85 G - Office 5 109 / Office 6 110. each side: 2 layers 5/8" GWB to underside of structure (5/A12.01) | B55: A02.01 -> 5/A12.01 (G: double 1 5/8" stud + Soundguard isolator, 2 layers each face) -> S2.20 | zone HI (S2.20 B.O.D. 15'-4 1/2") | C55: [DERIVADO] L = vector faces A02.01 (band 35; tag G@1054,1049) / 18 pt/ft; H = 15.375 = 15'-4 1/2" - 0'-0" | D55: 11.63 | E55: 15.375 | F55: 4 | G55: 16 | H55: 2 | I55: 2 | J55: 15.375 | K55: 2 | L55: 15.375 | M55: 2 | N55: 0 | Q55: =(ROUNDUP(D55*12/G55,0)+1+I55)*E55*H55 -> 369 | T55: =(D55-0)*H55 -> 23.26 | U55: =D55*H55 -> 23.26 | Y55: =D55*(J55*K55+L55*M55)-N55*2 -> 715.245 | AH55: =D55*E55 -> 178.81125 | AK55: =D55*4 -> 46.52
A56: W-86 G - Office 6 110 / Women's RR 114. each side: 2 layers 5/8" GWB to underside of structure (5/A12.01) | B56: A02.01 -> 5/A12.01 (G: double 1 5/8" stud + Soundguard isolator, 2 layers each face) -> S2.20 | zone HI (S2.20 B.O.D. 15'-4 1/2") | C56: [DERIVADO] L = vector faces A02.01 (band 44; tag G@1011,1211) / 18 pt/ft; H = 15.375 = 15'-4 1/2" - 0'-0" | D56: 11.63 | E56: 15.375 | F56: 4 | G56: 16 | H56: 2 | I56: 2 | J56: 15.375 | K56: 2 | L56: 15.375 | M56: 2 | N56: 0 | Q56: =(ROUNDUP(D56*12/G56,0)+1+I56)*E56*H56 -> 369 | T56: =(D56-0)*H56 -> 23.26 | U56: =D56*H56 -> 23.26 | Y56: =D56*(J56*K56+L56*M56)-N56*2 -> 715.245 | AH56: =D56*E56 -> 178.81125 | AK56: =D56*4 -> 46.52
A57: W-83 G - Office 4 108 / Cash Window 116. each side: 2 layers 5/8" GWB to underside of structure (5/A12.01) | B57: A02.01 -> 5/A12.01 (G: double 1 5/8" stud + Soundguard isolator, 2 layers each face) -> S2.20 | zone HI (S2.20 B.O.D. 15'-4 1/2") | C57: [DERIVADO] L = vector faces A02.01 (band 39,40,42; tag G@1767,1128) / 18 pt/ft; H = 15.375 = 15'-4 1/2" - 0'-0" | D57: 10.51 | E57: 15.375 | F57: 4 | G57: 16 | H57: 2 | I57: 2 | J57: 15.375 | K57: 2 | L57: 15.375 | M57: 2 | N57: 0 | Q57: =(ROUNDUP(D57*12/G57,0)+1+I57)*E57*H57 -> 338.25 | T57: =(D57-0)*H57 -> 21.02 | U57: =D57*H57 -> 21.02 | Y57: =D57*(J57*K57+L57*M57)-N57*2 -> 646.365 | AH57: =D57*E57 -> 161.59125 | AK57: =D57*4 -> 42.04
A58: W-88 G - Office 2 106 front - solid stub. each side: 2 layers 5/8" GWB to underside of structure (5/A12.01) | B58: A02.01 -> 5/A12.01 (G: double 1 5/8" stud + Soundguard isolator, 2 layers each face) -> S2.20 | zone HI (S2.20 B.O.D. 15'-4 1/2") | C58: [DERIVADO] L = vector faces A02.01 (band 133; tag G@1602,546) / 18 pt/ft; H = 15.375 = 15'-4 1/2" - 0'-0" | D58: 2.43 | E58: 15.375 | F58: 4 | G58: 16 | H58: 2 | I58: 2 | J58: 15.375 | K58: 2 | L58: 15.375 | M58: 2 | N58: 0 | Q58: =(ROUNDUP(D58*12/G58,0)+1+I58)*E58*H58 -> 153.75 | T58: =(D58-0)*H58 -> 4.86 | U58: =D58*H58 -> 4.86 | Y58: =D58*(J58*K58+L58*M58)-N58*2 -> 149.445 | AH58: =D58*E58 -> 37.36125 | AK58: =D58*4 -> 9.72
A59: W-87 G - Office 1 105 front - solid stub. each side: 2 layers 5/8" GWB to underside of structure (5/A12.01) | B59: A02.01 -> 5/A12.01 (G: double 1 5/8" stud + Soundguard isolator, 2 layers each face) -> S2.20 | zone HI (S2.20 B.O.D. 15'-4 1/2") | C59: [DERIVADO] L = vector faces A02.01 (band 131) / 18 pt/ft; H = 15.375 = 15'-4 1/2" - 0'-0" | D59: 2.42 | E59: 15.375 | F59: 4 | G59: 16 | H59: 2 | I59: 2 | J59: 15.375 | K59: 2 | L59: 15.375 | M59: 2 | N59: 0 | Q59: =(ROUNDUP(D59*12/G59,0)+1+I59)*E59*H59 -> 153.75 | T59: =(D59-0)*H59 -> 4.84 | U59: =D59*H59 -> 4.84 | Y59: =D59*(J59*K59+L59*M59)-N59*2 -> 148.83 | AH59: =D59*E59 -> 37.2075 | AK59: =D59*4 -> 9.68
A60: W-89 G - Office 3 107 front - solid stub. each side: 2 layers 5/8" GWB to underside of structure (5/A12.01) | B60: A02.01 -> 5/A12.01 (G: double 1 5/8" stud + Soundguard isolator, 2 layers each face) -> S2.20 | zone HI (S2.20 B.O.D. 15'-4 1/2") | C60: [DERIVADO] L = vector faces A02.01 (band 135; tag G@1605,748) / 18 pt/ft; H = 15.375 = 15'-4 1/2" - 0'-0" | D60: 2.42 | E60: 15.375 | F60: 4 | G60: 16 | H60: 2 | I60: 2 | J60: 15.375 | K60: 2 | L60: 15.375 | M60: 2 | N60: 0 | Q60: =(ROUNDUP(D60*12/G60,0)+1+I60)*E60*H60 -> 153.75 | T60: =(D60-0)*H60 -> 4.84 | U60: =D60*H60 -> 4.84 | Y60: =D60*(J60*K60+L60*M60)-N60*2 -> 148.83 | AH60: =D60*E60 -> 37.2075 | AK60: =D60*4 -> 9.68
A61: W-90 G - Office 4 108 front - solid stub. each side: 2 layers 5/8" GWB to underside of structure (5/A12.01) | B61: A02.01 -> 5/A12.01 (G: double 1 5/8" stud + Soundguard isolator, 2 layers each face) -> S2.20 | zone HI (S2.20 B.O.D. 15'-4 1/2") | C61: [DERIVADO] L = vector faces A02.01 (band 137; tag G@1602,940) / 18 pt/ft; H = 15.375 = 15'-4 1/2" - 0'-0" | D61: 2.41 | E61: 15.375 | F61: 4 | G61: 16 | H61: 2 | I61: 2 | J61: 15.375 | K61: 2 | L61: 15.375 | M61: 2 | N61: 0 | Q61: =(ROUNDUP(D61*12/G61,0)+1+I61)*E61*H61 -> 153.75 | T61: =(D61-0)*H61 -> 4.82 | U61: =D61*H61 -> 4.82 | Y61: =D61*(J61*K61+L61*M61)-N61*2 -> 148.215 | AH61: =D61*E61 -> 37.05375 | AK61: =D61*4 -> 9.64
A62: TYPE / SCOPE: G1
A63: W-95 G1 - Office 1 105 / Office 2 106. each side: 2 layers 5/8" GWB to underside of structure (5/A12.01) | B63: A02.01 -> 5/A12.01 (G1: 8" overall) -> S2.20 | zone HI (S2.20 B.O.D. 15'-4 1/2") | C63: [DERIVADO] L = vector faces A02.01 (band 15; tag G1@1714,548) / 18 pt/ft; H = 15.375 = 15'-4 1/2" - 0'-0" | D63: 11.77 | E63: 15.375 | F63: 4 | G63: 16 | H63: 2 | I63: 2 | J63: 15.375 | K63: 2 | L63: 15.375 | M63: 2 | N63: 0 | Q63: =(ROUNDUP(D63*12/G63,0)+1+I63)*E63*H63 -> 369 | T63: =(D63-0)*H63 -> 23.54 | U63: =D63*H63 -> 23.54 | Y63: =D63*(J63*K63+L63*M63)-N63*2 -> 723.855 | AH63: =D63*E63 -> 180.96375 | AK63: =D63*4 -> 47.08
A64: W-96 G1 - Office 5 109 front - solid stub. each side: 2 layers 5/8" GWB to underside of structure (5/A12.01) | B64: A02.01 -> 5/A12.01 (G1: 8" overall) -> S2.20 | zone HI (S2.20 B.O.D. 15'-4 1/2") | C64: [DERIVADO] L = vector faces A02.01 (band 100; tag G1@1149,1007) / 18 pt/ft; H = 15.375 = 15'-4 1/2" - 0'-0" | D64: 2.67 | E64: 15.375 | F64: 4 | G64: 16 | H64: 2 | I64: 2 | J64: 15.375 | K64: 2 | L64: 15.375 | M64: 2 | N64: 0 | Q64: =(ROUNDUP(D64*12/G64,0)+1+I64)*E64*H64 -> 184.5 | T64: =(D64-0)*H64 -> 5.34 | U64: =D64*H64 -> 5.34 | Y64: =D64*(J64*K64+L64*M64)-N64*2 -> 164.205 | AH64: =D64*E64 -> 41.05125 | AK64: =D64*4 -> 10.68
A65: W-97 G1 - Office 6 110 front - solid stub. each side: 2 layers 5/8" GWB to underside of structure (5/A12.01) | B65: A02.01 -> 5/A12.01 (G1: 8" overall) -> S2.20 | zone HI (S2.20 B.O.D. 15'-4 1/2") | C65: [DERIVADO] L = vector faces A02.01 (band 102) / 18 pt/ft; H = 15.375 = 15'-4 1/2" - 0'-0" | D65: 2.67 | E65: 15.375 | F65: 4 | G65: 16 | H65: 2 | I65: 2 | J65: 15.375 | K65: 2 | L65: 15.375 | M65: 2 | N65: 0 | Q65: =(ROUNDUP(D65*12/G65,0)+1+I65)*E65*H65 -> 184.5 | T65: =(D65-0)*H65 -> 5.34 | U65: =D65*H65 -> 5.34 | Y65: =D65*(J65*K65+L65*M65)-N65*2 -> 164.205 | AH65: =D65*E65 -> 41.05125 | AK65: =D65*4 -> 10.68
A66: TYPE / SCOPE: door header
A67: Door 102 header (3.5' x 8.0'), B2 host - head track + cripples above door; in W-31 | B67: A02.01 -> A00.30 DOOR SCHEDULE row 102 (HEAD 10/A12.02, JAMB 11/A12.02) -> S5.20 HEADER SCHEDULE (head track; DBL JAMB) -> 1/A12.01 | C67: [DERIVADO] width/height = A00.30 row 102; cripples = ceil(3.5x12/16)=3 x (H - 8.0); H = stud height of host zone | D67: 3.5 | E67: 15.375 | F67: 0 | G67: 16 | H67: 1 | I67: 0 | J67: 0 | K67: 0 | L67: 0 | M67: 0 | N67: 0 | O67: =3*(E67-8) -> 22.125 | V67: =D67+1 -> 4.5
A68: Door 111 header (3.0' x 8.0'), A1 host - head track + cripples above door; in W-04 | B68: A02.01 -> A00.30 DOOR SCHEDULE row 111 (HEAD 10/A12.02, JAMB 11/A12.02) -> S5.20 HEADER SCHEDULE (head track; DBL JAMB) -> 3/A12.01 | C68: [DERIVADO] width/height = A00.30 row 111; cripples = ceil(3.0x12/16)=3 x (H - 8.0); H = stud height of host zone | D68: 3 | E68: 15.375 | F68: 0 | G68: 16 | H68: 1 | I68: 0 | J68: 0 | K68: 0 | L68: 0 | M68: 0 | N68: 0 | P68: =3*(E68-8) -> 22.125 | V68: =D68+1 -> 4
A69: Door 112 header (3.0' x 7.0'), B host - head track + cripples above door; in W-26 | B69: A02.01 -> A00.30 DOOR SCHEDULE row 112 (HEAD 10/A12.02, JAMB 11/A12.02) -> S5.20 HEADER SCHEDULE (head track; DBL JAMB) -> 1/A12.01 | C69: [DERIVADO] width/height = A00.30 row 112; cripples = ceil(3.0x12/16)=3 x (H - 7.0); H = stud height of host zone | D69: 3 | E69: 13.052 | F69: 0 | G69: 16 | H69: 1 | I69: 0 | J69: 0 | K69: 0 | L69: 0 | M69: 0 | N69: 0 | P69: =3*(E69-7) -> 18.156 | V69: =D69+1 -> 4
A70: Door 115 header (3.0' x 7.0'), B2 host - head track + cripples above door; in W-35 | B70: A02.01 -> A00.30 DOOR SCHEDULE row 115 (HEAD 10/A12.02, JAMB 11/A12.02) -> S5.20 HEADER SCHEDULE (head track; DBL JAMB) -> 1/A12.01 | C70: [DERIVADO] width/height = A00.30 row 115; cripples = ceil(3.0x12/16)=3 x (H - 7.0); H = stud height of host zone | D70: 3 | E70: 13.052 | F70: 0 | G70: 16 | H70: 1 | I70: 0 | J70: 0 | K70: 0 | L70: 0 | M70: 0 | N70: 0 | O70: =3*(E70-7) -> 18.156 | V70: =D70+1 -> 4
A71: Door 118A header (3.0' x 8.0'), A1 host - head track + cripples above door; in W-07 | B71: A02.01 -> A00.30 DOOR SCHEDULE row 118A (HEAD 10/A12.02, JAMB 11/A12.02) -> S5.20 HEADER SCHEDULE (head track; DBL JAMB) -> 3/A12.01 | C71: [DERIVADO] width/height = A00.30 row 118A; cripples = ceil(3.0x12/16)=3 x (H - 8.0); H = stud height of host zone | D71: 3 | E71: 13.052 | F71: 0 | G71: 16 | H71: 1 | I71: 0 | J71: 0 | K71: 0 | L71: 0 | M71: 0 | N71: 0 | P71: =3*(E71-8) -> 15.156 | V71: =D71+1 -> 4
A72: Door 120 header (3.0' x 7.0'), B host - head track + cripples above door; in W-23 | B72: A02.01 -> A00.30 DOOR SCHEDULE row 120 (HEAD 10/A12.02, JAMB 11/A12.02) -> S5.20 HEADER SCHEDULE (head track; DBL JAMB) -> 1/A12.01 | C72: [DERIVADO] width/height = A00.30 row 120; cripples = ceil(3.0x12/16)=3 x (H - 7.0); H = stud height of host zone | D72: 3 | E72: 13.052 | F72: 0 | G72: 16 | H72: 1 | I72: 0 | J72: 0 | K72: 0 | L72: 0 | M72: 0 | N72: 0 | P72: =3*(E72-7) -> 18.156 | V72: =D72+1 -> 4
A73: Door 121 header (3.0' x 7.0'), B host - head track + cripples above door; in W-23 | B73: A02.01 -> A00.30 DOOR SCHEDULE row 121 (HEAD 10/A12.02, JAMB 11/A12.02) -> S5.20 HEADER SCHEDULE (head track; DBL JAMB) -> 1/A12.01 | C73: [DERIVADO] width/height = A00.30 row 121; cripples = ceil(3.0x12/16)=3 x (H - 7.0); H = stud height of host zone | D73: 3 | E73: 13.052 | F73: 0 | G73: 16 | H73: 1 | I73: 0 | J73: 0 | K73: 0 | L73: 0 | M73: 0 | N73: 0 | P73: =3*(E73-7) -> 18.156 | V73: =D73+1 -> 4
A74: Door 113 header (3.0' x 7.0'), B2 host - head track + cripples above door + jamb studs + board above door both faces; gap between W-33 and W-34 (y1441.7-1501.7) - full-height B2 above door | B74: A02.01 -> A00.30 DOOR SCHEDULE row 113 (HEAD 10/A12.02, JAMB 11/A12.02) -> S5.20 HEADER SCHEDULE (head track; DBL JAMB) -> 1/A12.01 | C74: [DERIVADO] width/height = A00.30 row 113; cripples = ceil(3.0x12/16)=3 x (H - 7.0); H = stud height of host zone | D74: 3 | E74: 13.052 | F74: 0 | G74: 16 | H74: 1 | I74: 0 | J74: 13.052 | K74: 0 | L74: 13.052 | M74: 0 | N74: 0 | O74: =(3+4)*(E74-7)+4*7 -> 70.364 | U74: =D74 -> 3 | V74: =D74+1 -> 4 | Y74: =D74*((J74-7)+(L74-7)) -> 36.312 | AH74: =D74*(E74-7) -> 18.156
A75: Door 114 header (3.0' x 7.0'), B2 host - head track + cripples above door + jamb studs + board above door both faces; gap north of W-32 (y1236.4-1303.2) - full-height B2 above door | B75: A02.01 -> A00.30 DOOR SCHEDULE row 114 (HEAD 10/A12.02, JAMB 11/A12.02) -> S5.20 HEADER SCHEDULE (head track; DBL JAMB) -> 1/A12.01 | C75: [DERIVADO] width/height = A00.30 row 114; cripples = ceil(3.0x12/16)=3 x (H - 7.0); H = stud height of host zone | D75: 3 | E75: 13.052 | F75: 0 | G75: 16 | H75: 1 | I75: 0 | J75: 13.052 | K75: 0 | L75: 13.052 | M75: 0 | N75: 0 | O75: =(3+4)*(E75-7)+4*7 -> 70.364 | U75: =D75 -> 3 | V75: =D75+1 -> 4 | Y75: =D75*((J75-7)+(L75-7)) -> 36.312 | AH75: =D75*(E75-7) -> 18.156
A76: Door 117 header (3.0' x 7.0'), B2 host - head track + cripples above door + jamb studs + board above door both faces; gap between W-34 and W-35 (y1517.5-1586.2) - full-height B2 above door | B76: A02.01 -> A00.30 DOOR SCHEDULE row 117 (HEAD 10/A12.02, JAMB 11/A12.02) -> S5.20 HEADER SCHEDULE (head track; DBL JAMB) -> 1/A12.01 | C76: [DERIVADO] width/height = A00.30 row 117; cripples = ceil(3.0x12/16)=3 x (H - 7.0); H = stud height of host zone | D76: 3 | E76: 13.052 | F76: 0 | G76: 16 | H76: 1 | I76: 0 | J76: 13.052 | K76: 0 | L76: 13.052 | M76: 0 | N76: 0 | O76: =(3+4)*(E76-7)+4*7 -> 70.364 | U76: =D76 -> 3 | V76: =D76+1 -> 4 | Y76: =D76*((J76-7)+(L76-7)) -> 36.312 | AH76: =D76*(E76-7) -> 18.156
A77: Door 116 header (3.0' x 7.0'), B2 host - head track + cripples above door + jamb studs + board above door both faces; dies between W-14 (A5) and W-36 (B2): charged complete to B2 (full height); W-14 excludes it | B77: A02.01 -> A00.30 DOOR SCHEDULE row 116 (HEAD 10/A12.02, JAMB 11/A12.02) -> S5.20 HEADER SCHEDULE (head track; DBL JAMB) -> 1/A12.01 | C77: [DERIVADO] width/height = A00.30 row 116; cripples = ceil(3.0x12/16)=3 x (H - 7.0); H = stud height of host zone | D77: 3 | E77: 13.052 | F77: 0 | G77: 16 | H77: 1 | I77: 0 | J77: 13.052 | K77: 0 | L77: 13.052 | M77: 0 | N77: 0 | O77: =(3+4)*(E77-7)+4*7 -> 70.364 | U77: =D77 -> 3 | V77: =D77+1 -> 4 | Y77: =D77*((J77-7)+(L77-7)) -> 36.312 | AH77: =D77*(E77-7) -> 18.156
A78: Door 119 header (3.0' x 7.0'), A1 host - head track + cripples above door + jamb studs + board above door both faces; gap between W-09 and east exterior wall (x1780.1-1843.1) | B78: A02.01 -> A00.30 DOOR SCHEDULE row 119 (HEAD 10/A12.02, JAMB 11/A12.02) -> S5.20 HEADER SCHEDULE (head track; DBL JAMB) -> 3/A12.01 | C78: [DERIVADO] width/height = A00.30 row 119; cripples = ceil(3.0x12/16)=3 x (H - 7.0); H = stud height of host zone | D78: 3 | E78: 13.052 | F78: 0 | G78: 16 | H78: 1 | I78: 0 | J78: 9.5 | K78: 0 | L78: 9 | M78: 0 | N78: 0 | P78: =(3+4)*(E78-7)+4*7 -> 70.364 | U78: =D78 -> 3 | V78: =D78+1 -> 4 | Y78: =D78*((J78-7)+(L78-7)) -> 13.5 | AH78: =D78*(E78-7) -> 18.156
A79: Door 122 header (3.0' x 7.0'), A5 host - head track + cripples above door + jamb studs + board above door both faces; gap between W-12 and W-05 junction (y1253.8-1313.8) | B79: A02.01 -> A00.30 DOOR SCHEDULE row 122 (HEAD 10/A12.02, JAMB 11/A12.02) -> S5.20 HEADER SCHEDULE (head track; DBL JAMB) -> 3/A12.01 | C79: [DERIVADO] width/height = A00.30 row 122; cripples = ceil(3.0x12/16)=3 x (H - 7.0); H = stud height of host zone | D79: 3 | E79: 13.052 | F79: 0 | G79: 16 | H79: 1 | I79: 0 | J79: 9 | K79: 0 | L79: 9 | M79: 0 | N79: 0 | O79: =(3+4)*(E79-7)+4*7 -> 70.364 | U79: =D79 -> 3 | V79: =D79+1 -> 4 | Y79: =D79*((J79-7)+(L79-7)) -> 12 | AH79: =D79*(E79-7) -> 18.156
A80: Door 118B header (3.0' x 7.0'), A1 host - head track + cripples above door + jamb studs + board above door both faces; gap between W-05 junction and W-06 (y1326.4-1386.4) | B80: A02.01 -> A00.30 DOOR SCHEDULE row 118B (HEAD 10/A12.02, JAMB 11/A12.02) -> S5.20 HEADER SCHEDULE (head track; DBL JAMB) -> 3/A12.01 | C80: [DERIVADO] width/height = A00.30 row 118B; cripples = ceil(3.0x12/16)=3 x (H - 7.0); H = stud height of host zone | D80: 3 | E80: 13.052 | F80: 0 | G80: 16 | H80: 1 | I80: 0 | J80: 9 | K80: 0 | L80: 9 | M80: 0 | N80: 0 | P80: =(3+4)*(E80-7)+4*7 -> 70.364 | U80: =D80 -> 3 | V80: =D80+1 -> 4 | Y80: =D80*((J80-7)+(L80-7)) -> 12 | AH80: =D80*(E80-7) -> 18.156
A81: TYPE / SCOPE: G (bulkhead)
A82: Office front bulkhead over DFC-1A (vendor, Div 08) - Office 1 105: double row 1 5/8" stud + Soundguard isolator, CONT. BOX BEAM, 3/4" FRT plywood blocking, 2 layers 5/8" GWB each face to underside of deck, corner bead, shadow molding both faces. Band = deck 15.375 - office front top 9.0 (= office ceiling A04.01) = 6.375 ft each face | B82: A02.01 (office front 7'-6" HOLD) -> 8/A12.01 OFFICE BULKHEAD @ DOOR -> 9/A12.01 @ GLASS PANEL -> 10/A12.01 OFFICE JAMB -> A11.04 (office front to ceiling) -> A04.01 (ACT-4 9'-0") -> S2.20 | C82: [DERIVADO] L = office front opening (381.0-516.0 pt)/18 = 7.5; band = 15.375 - 9.0 | D82: 7.5 | E82: 6.375 | F82: 4 | G82: 16 | H82: 2 | I82: 0 | J82: 6.375 | K82: 2 | L82: 6.375 | M82: 2 | N82: 0 | Q82: =(ROUNDUP(D82*12/16,0)+1)*E82*2 -> 89.25 | T82: =D82*2 -> 15 | U82: =D82*2 -> 15 | V82: =D82 -> 7.5 | Y82: =D82*E82*4 -> 191.25 | AH82: =D82*E82 -> 47.8125 | AI82: =D82 -> 7.5 | AJ82: =D82*4 -> 30 | AK82: =D82*2 -> 15
A83: Office front bulkhead over DFC-1A (vendor, Div 08) - Office 2 106: double row 1 5/8" stud + Soundguard isolator, CONT. BOX BEAM, 3/4" FRT plywood blocking, 2 layers 5/8" GWB each face to underside of deck, corner bead, shadow molding both faces. Band = deck 15.375 - office front top 9.0 (= office ceiling A04.01) = 6.375 ft each face | B83: A02.01 (office front 7'-6" HOLD) -> 8/A12.01 OFFICE BULKHEAD @ DOOR -> 9/A12.01 @ GLASS PANEL -> 10/A12.01 OFFICE JAMB -> A11.04 (office front to ceiling) -> A04.01 (ACT-4 9'-0") -> S2.20 | C83: [DERIVADO] L = office front opening (578.4-713.4 pt)/18 = 7.5; band = 15.375 - 9.0 | D83: 7.5 | E83: 6.375 | F83: 4 | G83: 16 | H83: 2 | I83: 0 | J83: 6.375 | K83: 2 | L83: 6.375 | M83: 2 | N83: 0 | Q83: =(ROUNDUP(D83*12/16,0)+1)*E83*2 -> 89.25 | T83: =D83*2 -> 15 | U83: =D83*2 -> 15 | V83: =D83 -> 7.5 | Y83: =D83*E83*4 -> 191.25 | AH83: =D83*E83 -> 47.8125 | AI83: =D83 -> 7.5 | AJ83: =D83*4 -> 30 | AK83: =D83*2 -> 15
A84: Office front bulkhead over DFC-1A (vendor, Div 08) - Office 3 107: double row 1 5/8" stud + Soundguard isolator, CONT. BOX BEAM, 3/4" FRT plywood blocking, 2 layers 5/8" GWB each face to underside of deck, corner bead, shadow molding both faces. Band = deck 15.375 - office front top 9.0 (= office ceiling A04.01) = 6.375 ft each face | B84: A02.01 (office front 7'-6" HOLD) -> 8/A12.01 OFFICE BULKHEAD @ DOOR -> 9/A12.01 @ GLASS PANEL -> 10/A12.01 OFFICE JAMB -> A11.04 (office front to ceiling) -> A04.01 (ACT-4 9'-0") -> S2.20 | C84: [DERIVADO] L = office front opening (772.0-907.0 pt)/18 = 7.5; band = 15.375 - 9.0 | D84: 7.5 | E84: 6.375 | F84: 4 | G84: 16 | H84: 2 | I84: 0 | J84: 6.375 | K84: 2 | L84: 6.375 | M84: 2 | N84: 0 | Q84: =(ROUNDUP(D84*12/16,0)+1)*E84*2 -> 89.25 | T84: =D84*2 -> 15 | U84: =D84*2 -> 15 | V84: =D84 -> 7.5 | Y84: =D84*E84*4 -> 191.25 | AH84: =D84*E84 -> 47.8125 | AI84: =D84 -> 7.5 | AJ84: =D84*4 -> 30 | AK84: =D84*2 -> 15
A85: Office front bulkhead over DFC-1A (vendor, Div 08) - Office 4 108: double row 1 5/8" stud + Soundguard isolator, CONT. BOX BEAM, 3/4" FRT plywood blocking, 2 layers 5/8" GWB each face to underside of deck, corner bead, shadow molding both faces. Band = deck 15.375 - office front top 9.0 (= office ceiling A04.01) = 6.375 ft each face | B85: A02.01 (office front 7'-6" HOLD) -> 8/A12.01 OFFICE BULKHEAD @ DOOR -> 9/A12.01 @ GLASS PANEL -> 10/A12.01 OFFICE JAMB -> A11.04 (office front to ceiling) -> A04.01 (ACT-4 9'-0") -> S2.20 | C85: [DERIVADO] L = office front opening (965.5-1100.5 pt)/18 = 7.5; band = 15.375 - 9.0 | D85: 7.5 | E85: 6.375 | F85: 4 | G85: 16 | H85: 2 | I85: 0 | J85: 6.375 | K85: 2 | L85: 6.375 | M85: 2 | N85: 0 | Q85: =(ROUNDUP(D85*12/16,0)+1)*E85*2 -> 89.25 | T85: =D85*2 -> 15 | U85: =D85*2 -> 15 | V85: =D85 -> 7.5 | Y85: =D85*E85*4 -> 191.25 | AH85: =D85*E85 -> 47.8125 | AI85: =D85 -> 7.5 | AJ85: =D85*4 -> 30 | AK85: =D85*2 -> 15
A86: Office front bulkhead over DFC-1A (vendor, Div 08) - Office 5 109: double row 1 5/8" stud + Soundguard isolator, CONT. BOX BEAM, 3/4" FRT plywood blocking, 2 layers 5/8" GWB each face to underside of deck, corner bead, shadow molding both faces. Band = deck 15.375 - office front top 9.0 (= office ceiling A04.01) = 6.375 ft each face | B86: A02.01 (office front 7'-6" HOLD) -> 8/A12.01 OFFICE BULKHEAD @ DOOR -> 9/A12.01 @ GLASS PANEL -> 10/A12.01 OFFICE JAMB -> A11.04 (office front to ceiling) -> A04.01 (ACT-4 9'-0") -> S2.20 | C86: [DERIVADO] L = office front opening (846.0-981.0 pt)/18 = 7.5; band = 15.375 - 9.0 | D86: 7.5 | E86: 6.375 | F86: 4 | G86: 16 | H86: 2 | I86: 0 | J86: 6.375 | K86: 2 | L86: 6.375 | M86: 2 | N86: 0 | Q86: =(ROUNDUP(D86*12/16,0)+1)*E86*2 -> 89.25 | T86: =D86*2 -> 15 | U86: =D86*2 -> 15 | V86: =D86 -> 7.5 | Y86: =D86*E86*4 -> 191.25 | AH86: =D86*E86 -> 47.8125 | AI86: =D86 -> 7.5 | AJ86: =D86*4 -> 30 | AK86: =D86*2 -> 15
A87: Office front bulkhead over DFC-1A (vendor, Div 08) - Office 6 110: double row 1 5/8" stud + Soundguard isolator, CONT. BOX BEAM, 3/4" FRT plywood blocking, 2 layers 5/8" GWB each face to underside of deck, corner bead, shadow molding both faces. Band = deck 15.375 - office front top 9.0 (= office ceiling A04.01) = 6.375 ft each face | B87: A02.01 (office front 7'-6" HOLD) -> 8/A12.01 OFFICE BULKHEAD @ DOOR -> 9/A12.01 @ GLASS PANEL -> 10/A12.01 OFFICE JAMB -> A11.04 (office front to ceiling) -> A04.01 (ACT-4 9'-0") -> S2.20 | C87: [DERIVADO] L = office front opening (1044.0-1179.0 pt)/18 = 7.5; band = 15.375 - 9.0 | D87: 7.5 | E87: 6.375 | F87: 4 | G87: 16 | H87: 2 | I87: 0 | J87: 6.375 | K87: 2 | L87: 6.375 | M87: 2 | N87: 0 | Q87: =(ROUNDUP(D87*12/16,0)+1)*E87*2 -> 89.25 | T87: =D87*2 -> 15 | U87: =D87*2 -> 15 | V87: =D87 -> 7.5 | Y87: =D87*E87*4 -> 191.25 | AH87: =D87*E87 -> 47.8125 | AI87: =D87 -> 7.5 | AJ87: =D87*4 -> 30 | AK87: =D87*2 -> 15
A88: TYPE / SCOPE: bulkhead
A89: Bulkhead over interior all-glass doors/sidelites 101 between Vestibule 100 and 24 HR Vestibule 101: metal stud framing & box header, 5/8" GWB both faces + bottom, FRT blocking, corner bead. Band = GB ceiling 10'-0" - door 8'-4" = 1.667 ft | B89: A02.01 (doors 101, glazing line y~461) -> A00.30 row 101 (E, 8'-4", 04/A12.10) -> 4,5,6,7/A12.10 (METAL STUD FRAMING & BOX HEADER AS NEEDED) -> A04.01 (100/101 GB 10'-0") | C89: [DERIVADO] L = (1123.1 - 841.6)/18 = 15.64; band = 10.0 - 8.333 | D89: 15.64 | E89: 1.667 | F89: 0 | G89: 16 | H89: 1 | I89: 0 | J89: 0 | K89: 0 | L89: 0 | M89: 0 | N89: 0 | P89: =(ROUNDUP(D89*12/16,0)+1)*E89 -> 21.671 | T89: =D89 -> 15.64 | U89: =D89 -> 15.64 | V89: =D89 -> 15.64 | Y89: =D89*(E89*2+0.4) -> 58.39976 | AI89: =D89 -> 15.64 | AJ89: =D89*2 -> 31.28
A90: Coiling grille 103 head: 1'-6" bulkhead (2 1/2" CFMF @16", (2) 6" CFMF box beam header, 5/8" GWB both faces + bottom, corner bead) under 10'-0" ceiling + 6" metal framing above ceiling to deck with 3/4" FRT plywood (vestibule side) and 5/8" GWB (central zone side) | B90: A02.01 (door 103, 13'-4" R.O.) -> A00.30 row 103 (A08.21) -> 4/A08.21 HEAD DETAIL -> 3/A08.21 JAMB -> 2/A08.21 ELEVATION -> A04.01 (101 GB 10'-0") -> S2.20 | C90: [DERIVADO] L = R.O. 14'-3" (1/A08.21); bulkhead 1'-6" [CONFIRMADO 4/A08.21]; above-ceiling band = 15.375 - 10.0 = 5.375 | D90: 14.25 | E90: 5.375 | F90: 0 | G90: 16 | H90: 1 | I90: 0 | J90: 0 | K90: 0 | L90: 0 | M90: 0 | N90: 0 | O90: =(ROUNDUP(D90*12/16,0)+1)*E90+4*E90 -> 86 | R90: =(ROUNDUP(D90*12/16,0)+1)*1.5 -> 18 | T90: =D90 -> 14.25 | U90: =D90 -> 14.25 | V90: =D90*2 -> 28.5 | Y90: =D90*(1.5*2+1)+D90*E90 -> 133.59375 | AD90: =D90*E90 -> 76.59375 | AH90: =D90*E90 -> 76.59375 | AJ90: =D90*2 -> 28.5
A91: TYPE / SCOPE: soffit
A92: Cash Window 116 CSR soffit, GB 8'-0" over teller line (3'-5" wide x 12'-0 1/4"), 1'-0" drop below ACT-4 9'-0" both sides: 3 5/8" metal studs @16", kickers to structure @48", 5/8" FRT plywood blocking, 5/8" GWB bottom + faces + ends, corner bead, paint P-18 | B92: A04.01 (116 GB 8'-0") -> A12.08 CSR LINE (3'-5", 12'-0 1/4" R.O. HOLD) -> 10/A09.33 CEILING DETAIL @ CSR SOFFIT -> 8/A09.33 TYPICAL BULKHEAD -> S2.20 | C92: [DERIVADO] L = 12.01 (RCP lines y1128.5-1344.7) = 12'-0 1/4" printed A12.08; width 3.41 = 3'-5" printed; drop 1.0 = 9'-0" - 8'-0" | D92: 12.01 | E92: 1 | F92: 0 | G92: 16 | H92: 1 | I92: 0 | J92: 0 | K92: 0 | L92: 0 | M92: 0 | N92: 0 | P92: =(ROUNDUP(D92*12/16,0)+1)*3.41+(ROUNDUP(D92*12/16,0)+1)*2*E92+(ROUNDUP(D92/4,0)+1)*2*(15.375-8) -> 133.26 | Y92: =D92*3.41+D92*E92*2+3.41*E92*2 -> 71.7941 | AI92: =D92*2 -> 24.02 | AJ92: =D92*2+3.41*2 -> 30.84 | AO92: =D92*4 -> 48.04
A93: TYPE / SCOPE: EXT 6" CFMF
A94: EXT-S 6" CFMF exterior wall - SOUTH (plan) - grid A, LOW zone: South wall x894.5-1852.9 (door 123). Interior side: 5/8" GWB @ perimeter exterior wall to deck (to 13.052 ft) | exterior side: 5/8" FRT plywood bonded to 2 1/2" polyiso (sheathing/insulation system) full height; parapet 4.365 ft above deck: back side 5/8" exterior gypsum sheathing | B94: A02.01 -> F/A09.22 T/STUD LP 17'-5"; 4/A09.25 DOOR JAMB; 13,14/A09.27 -> S5.20 METAL STUD PROPERTIES (600S137-33 @16", bottom 600T125-33, top 600T200-97; 1 1/2" C.R. CHANNEL @48") -> 4/A09.26 PARAPET -> S2.20 (B.O.D.) | C94: [DERIVADO] L = A02.01 vector y1693.4/1710.8 /18 pt/ft; T/STUD 17.417 = 17'-5" (A09.21); deck 13.052 | D94: 53.24 | E94: 17.417 | F94: 1 | G94: 16 | H94: 1 | I94: 6 | J94: 13.052 | K94: 1 | L94: 0 | M94: 0 | N94: 24 | O94: =(ROUNDUP(D94*12/16,0)+1+I94)*(J94-0) -> 613.444 | S94: =(ROUNDUP(D94*12/16,0)+1+I94)*(E94-J94) -> 205.155 | T94: =D94-3 -> 50.24 | U94: =D94 -> 53.24 | W94: =4 -> 4 | X94: =D94*ROUNDDOWN((E94-0)/4,0) -> 212.96 | Y94: =D94*(J94-0)-N94 -> 670.88848 | AB94: =D94*(E94-J94) -> 232.3926 | AD94: =D94*(E94-0)-N94 -> 903.28108 | AJ94: =22 -> 22
A95: EXT-E1 6" CFMF exterior wall - EAST (plan) - grid 8, HI zone: East wall y327.5-1244.4 (Offices 105-108, Cash Window). Interior side: 5/8" GWB @ perimeter exterior wall to deck (to 15.375 ft) | exterior side: 5/8" FRT plywood bonded to 2 1/2" polyiso (sheathing/insulation system) full height; parapet 2.042 ft above deck: back side 5/8" exterior gypsum sheathing | B95: A02.01 -> D/A09.22 T/STUD LP 17'-5", B/GLAZING 6'-6", T/GLAZING 8'-6"; 3/A09.25 WINDOW JAMB -> S5.20 METAL STUD PROPERTIES (600S137-33 @16", bottom 600T125-33, top 600T200-97; 1 1/2" C.R. CHANNEL @48") -> 4/A09.26 PARAPET -> S2.20 (B.O.D.) | C95: [DERIVADO] L = A02.01 vector x1843.1/1852.9 /18 pt/ft; T/STUD 17.417 = 17'-5" (A09.21); deck 15.375 | D95: 50.94 | E95: 17.417 | F95: 1 | G95: 16 | H95: 1 | I95: 18 | J95: 15.375 | K95: 1 | L95: 0 | M95: 0 | N95: 64 | O95: =(ROUNDUP(D95*12/16,0)+1+I95)*(J95-0) -> 891.75 | S95: =(ROUNDUP(D95*12/16,0)+1+I95)*(E95-J95) -> 118.436 | T95: =D95 -> 50.94 | U95: =D95 -> 50.94 | W95: =36 -> 36 | X95: =D95*ROUNDDOWN((E95-0)/4,0) -> 203.76 | Y95: =D95*(J95-0)-N95 -> 719.2025 | AB95: =D95*(E95-J95) -> 104.01948 | AD95: =D95*(E95-0)-N95 -> 823.22198 | AJ95: =80 -> 80
A96: EXT-N2 6" CFMF exterior wall - NORTH (plan) - grid F: Wall above north storefront (26'-3", x1143.2-1615.6): T/GLAZING 8'-6" to T/STUD. Interior side: 5/8" GWB @ perimeter exterior wall to deck (to 15.375 ft) | exterior side: 5/8" FRT plywood bonded to 2 1/2" polyiso (sheathing/insulation system) full height; parapet 2.042 ft above deck: back side 5/8" exterior gypsum sheathing | B96: A02.01 -> A/A09.21 T/GLAZING 8'-6"; 2/A09.26 STOREFRONT HEAD -> S5.20 METAL STUD PROPERTIES (600S137-33 @16", bottom 600T125-33, top 600T200-97; 1 1/2" C.R. CHANNEL @48") -> 4/A09.26 PARAPET -> S2.20 (B.O.D.) | C96: [DERIVADO] L = A02.01 26'-3" printed; RCP line y320 x1143.2-1615.6 /18 pt/ft; T/STUD 17.417 = 17'-5" (A09.21); deck 15.375 | D96: 26.24 | E96: 17.417 | F96: 1 | G96: 16 | H96: 1 | I96: 2 | J96: 15.375 | K96: 1 | L96: 0 | M96: 0 | N96: 0 | O96: =(ROUNDUP(D96*12/16,0)+1+I96)*(J96-8.5) -> 158.125 | S96: =(ROUNDUP(D96*12/16,0)+1+I96)*(E96-J96) -> 46.966 | T96: =0 -> 0 | U96: =D96 -> 26.24 | V96: =D96 -> 26.24 | X96: =D96*ROUNDDOWN((E96-8.5)/4,0) -> 52.48 | Y96: =D96*(J96-8.5)-N96 -> 180.4 | AB96: =D96*(E96-J96) -> 53.58208 | AD96: =D96*(E96-8.5)-N96 -> 233.98208 | AJ96: =D96*2 -> 52.48
A97: EXT-W2 6" CFMF exterior wall - WEST (plan) - grid 2, LOW zone: West wall y1244.4-1710.8 (Restrooms, Janitor, Wellness). Interior side: 5/8" GWB @ perimeter exterior wall to deck (to 13.052 ft) | exterior side: 5/8" FRT plywood bonded to 2 1/2" polyiso (sheathing/insulation system) full height; parapet 4.365 ft above deck: back side 5/8" exterior gypsum sheathing | B97: A02.01 -> H/A09.23 -> S5.20 METAL STUD PROPERTIES (600S137-33 @16", bottom 600T125-33, top 600T200-97; 1 1/2" C.R. CHANNEL @48") -> 4/A09.26 PARAPET -> S2.20 (B.O.D.) | C97: [DERIVADO] L = A02.01 vector x894.5/911.9 /18 pt/ft; T/STUD 17.417 = 17'-5" (A09.21); deck 13.052 | D97: 25.91 | E97: 17.417 | F97: 1 | G97: 16 | H97: 1 | I97: 2 | J97: 13.052 | K97: 1 | L97: 0 | M97: 0 | N97: 0 | O97: =(ROUNDUP(D97*12/16,0)+1+I97)*(J97-0) -> 300.196 | S97: =(ROUNDUP(D97*12/16,0)+1+I97)*(E97-J97) -> 100.395 | T97: =D97 -> 25.91 | U97: =D97 -> 25.91 | X97: =D97*ROUNDDOWN((E97-0)/4,0) -> 103.64 | Y97: =D97*(J97-0)-N97 -> 338.17732 | AB97: =D97*(E97-J97) -> 113.09715 | AD97: =D97*(E97-0)-N97 -> 451.27447
A98: EXT-E2 6" CFMF exterior wall - EAST (plan) - grid 8, LOW zone: East wall y1244.4-1703.4 (Cash Window, Work Room 119). Interior side: 5/8" GWB @ perimeter exterior wall to deck (to 13.052 ft) | exterior side: 5/8" FRT plywood bonded to 2 1/2" polyiso (sheathing/insulation system) full height; parapet 4.365 ft above deck: back side 5/8" exterior gypsum sheathing | B98: A02.01 -> D/A09.22 -> S5.20 METAL STUD PROPERTIES (600S137-33 @16", bottom 600T125-33, top 600T200-97; 1 1/2" C.R. CHANNEL @48") -> 4/A09.26 PARAPET -> S2.20 (B.O.D.) | C98: [DERIVADO] L = A02.01 vector x1843.1/1852.9 /18 pt/ft; T/STUD 17.417 = 17'-5" (A09.21); deck 13.052 | D98: 25.5 | E98: 17.417 | F98: 1 | G98: 16 | H98: 1 | I98: 2 | J98: 13.052 | K98: 1 | L98: 0 | M98: 0 | N98: 0 | O98: =(ROUNDUP(D98*12/16,0)+1+I98)*(J98-0) -> 300.196 | S98: =(ROUNDUP(D98*12/16,0)+1+I98)*(E98-J98) -> 100.395 | T98: =D98 -> 25.5 | U98: =D98 -> 25.5 | X98: =D98*ROUNDDOWN((E98-0)/4,0) -> 102 | Y98: =D98*(J98-0)-N98 -> 332.826 | AB98: =D98*(E98-J98) -> 111.3075 | AD98: =D98*(E98-0)-N98 -> 444.1335
A99: EXT-W1 6" CFMF exterior wall - WEST (plan) - grid 2, HI zone: West wall y840.7-1244.4 (Offices 109-110). Interior side: 5/8" GWB @ perimeter exterior wall to deck (to 15.375 ft) | exterior side: 5/8" FRT plywood bonded to 2 1/2" polyiso (sheathing/insulation system) full height; parapet 2.042 ft above deck: back side 5/8" exterior gypsum sheathing | B99: A02.01 -> H/A09.23 T.O. PARAPET 1 17'-9" -> T/STUD 17'-5"; 3/A09.25 -> S5.20 METAL STUD PROPERTIES (600S137-33 @16", bottom 600T125-33, top 600T200-97; 1 1/2" C.R. CHANNEL @48") -> 4/A09.26 PARAPET -> S2.20 (B.O.D.) | C99: [DERIVADO] L = A02.01 vector x894.5/911.9 /18 pt/ft; T/STUD 17.417 = 17'-5" (A09.21); deck 15.375 | D99: 22.43 | E99: 17.417 | F99: 1 | G99: 16 | H99: 1 | I99: 10 | J99: 15.375 | K99: 1 | L99: 0 | M99: 0 | N99: 32 | O99: =(ROUNDUP(D99*12/16,0)+1+I99)*(J99-0) -> 430.5 | S99: =(ROUNDUP(D99*12/16,0)+1+I99)*(E99-J99) -> 57.176 | T99: =D99 -> 22.43 | U99: =D99 -> 22.43 | W99: =18 -> 18 | X99: =D99*ROUNDDOWN((E99-0)/4,0) -> 89.72 | Y99: =D99*(J99-0)-N99 -> 312.86125 | AB99: =D99*(E99-J99) -> 45.80206 | AD99: =D99*(E99-0)-N99 -> 358.66331 | AJ99: =40 -> 40
A100: EXT-W4 6" CFMF exterior wall - WEST (plan) - grid 3, HP block: West wall 24 HR Vestibule 101 + ATM Room 102 (y454.4-848.4) incl. Day 1 ATM. Interior side: 5/8" GWB @ perimeter exterior wall to deck (to 15.375 ft) | exterior side: 5/8" FRT plywood bonded to 2 1/2" polyiso (sheathing/insulation system) full height; parapet 4.292 ft above deck: back side 5/8" exterior gypsum sheathing | B100: A02.01 -> J/A09.23 T.O. PARAPET 2 20'-0"; A08.11 ATM -> S5.20 METAL STUD PROPERTIES (600S137-33 @16", bottom 600T125-33, top 600T200-97; 1 1/2" C.R. CHANNEL @48") -> 4/A09.26 PARAPET -> S2.20 (B.O.D.) | C100: [DERIVADO] L = RCP line x824.8 y454.4-848.4 /18 pt/ft; T/STUD 19.667 = 19'-8" (A09.21); deck 15.375 | D100: 21.89 | E100: 19.667 | F100: 1 | G100: 16 | H100: 1 | I100: 2 | J100: 15.375 | K100: 1 | L100: 0 | M100: 0 | N100: 0 | O100: =(ROUNDUP(D100*12/16,0)+1+I100)*(J100-0) -> 307.5 | S100: =(ROUNDUP(D100*12/16,0)+1+I100)*(E100-J100) -> 85.84 | T100: =D100 -> 21.89 | U100: =D100 -> 21.89 | X100: =D100*ROUNDDOWN((E100-0)/4,0) -> 87.56 | Y100: =D100*(J100-0)-N100 -> 336.55875 | AB100: =D100*(E100-J100) -> 93.95188 | AD100: =D100*(E100-0)-N100 -> 430.51063
A101: EXT-N3 6" CFMF exterior wall - NORTH (plan) - grid G: Wall above vestibule 100 storefront (x824.8-1143.1): T/GLAZING 8'-6" to T/STUD HP. Interior side: 5/8" GWB @ perimeter exterior wall to deck (to 15.375 ft) | exterior side: 5/8" FRT plywood bonded to 2 1/2" polyiso (sheathing/insulation system) full height; parapet 4.292 ft above deck: back side 5/8" exterior gypsum sheathing | B101: A02.01 -> A/A09.21 + B/A09.21 T/STUD HP 19'-8"; 1/A09.26 ENTRANCE DOOR -> S5.20 METAL STUD PROPERTIES (600S137-33 @16", bottom 600T125-33, top 600T200-97; 1 1/2" C.R. CHANNEL @48") -> 4/A09.26 PARAPET -> S2.20 (B.O.D.) | C101: [DERIVADO] L = RCP line y301.9 x824.8-1143.1 /18 pt/ft; T/STUD 19.667 = 19'-8" (A09.21); deck 15.375 | D101: 17.68 | E101: 19.667 | F101: 1 | G101: 16 | H101: 1 | I101: 2 | J101: 15.375 | K101: 1 | L101: 0 | M101: 0 | N101: 0 | O101: =(ROUNDUP(D101*12/16,0)+1+I101)*(J101-8.5) -> 116.875 | S101: =(ROUNDUP(D101*12/16,0)+1+I101)*(E101-J101) -> 72.964 | T101: =0 -> 0 | U101: =D101 -> 17.68 | V101: =D101 -> 17.68 | X101: =D101*ROUNDDOWN((E101-8.5)/4,0) -> 35.36 | Y101: =D101*(J101-8.5)-N101 -> 121.55 | AB101: =D101*(E101-J101) -> 75.88256 | AD101: =D101*(E101-8.5)-N101 -> 197.43256 | AJ101: =D101*2 -> 35.36
...

Sheet Materials
A1: Material (family) | B1: Net | C1: Waste % | D1: Waste | E1: Purchase | F1: Unit | G1: Source column
A2: 6" Metal Stud (LF) | B2: =Takeoff!O146 -> 5321.172 | C2: =Takeoff!O147 -> 0.15 | D2: =Takeoff!O148 -> 798.1758 | E2: =Takeoff!O149 -> 6119.3478 | F2: LF | G2: Takeoff column O
A3: 3-5/8" Metal Stud (LF) | B3: =Takeoff!P146 -> 6154.9452 | C3: =Takeoff!P147 -> 0.15 | D3: =Takeoff!P148 -> 923.24179 | E3: =Takeoff!P149 -> 7078.187 | F3: LF | G3: Takeoff column P
A4: 1-5/8" Metal Stud (LF) | B4: =Takeoff!Q146 -> 4071.75 | C4: =Takeoff!Q147 -> 0.15 | D4: =Takeoff!Q148 -> 610.7625 | E4: =Takeoff!Q149 -> 4682.5125 | F4: LF | G4: Takeoff column Q
A5: 2-1/2" Metal Stud (LF) | B5: =Takeoff!R146 -> 18 | C5: =Takeoff!R147 -> 0.15 | D5: =Takeoff!R148 -> 2.7 | E5: =Takeoff!R149 -> 20.7 | F5: LF | G5: Takeoff column R
A6: 6" parapet stud (LF) | B6: =Takeoff!S146 -> 1036.433 | C6: =Takeoff!S147 -> 0.15 | D6: =Takeoff!S148 -> 155.46495 | E6: =Takeoff!S149 -> 1191.898 | F6: LF | G6: Takeoff column S
A7: Bottom track (LF) | B7: =Takeoff!T146 -> 1090.2 | C7: =Takeoff!T147 -> 0.15 | D7: =Takeoff!T148 -> 163.53 | E7: =Takeoff!T149 -> 1253.73 | F7: LF | G7: Takeoff column T
A8: Top / deflection track (LF) | B8: =Takeoff!U146 -> 1188.09 | C8: =Takeoff!U147 -> 0.15 | D8: =Takeoff!U148 -> 178.2135 | E8: =Takeoff!U149 -> 1366.3035 | F8: LF | G8: Takeoff column U
A9: Header / box beam (LF) | B9: =Takeoff!V146 -> 198.03 | C9: =Takeoff!V147 -> 0.15 | D9: =Takeoff!V148 -> 29.7045 | E9: =Takeoff!V149 -> 227.7345 | F9: LF | G9: Takeoff column V
A10: Sill track (LF) | B10: =Takeoff!W146 -> 58 | C10: =Takeoff!W147 -> 0.15 | D10: =Takeoff!W148 -> 8.7 | E10: =Takeoff!W149 -> 66.7 | F10: LF | G10: Takeoff column W
A11: Bracing C.R. channel 1-1/2" (LF) | B11: =Takeoff!X146 -> 1804.11 | C11: =Takeoff!X147 -> 0.15 | D11: =Takeoff!X148 -> 270.6165 | E11: =Takeoff!X149 -> 2074.7265 | F11: LF | G11: Takeoff column X
A12: 5/8" Gyp Board regular (SF) | B12: =Takeoff!Y146 -> 17207.505 | C12: =Takeoff!Y147 -> 0.06 | D12: =Takeoff!Y148 -> 1032.4503 | E12: =Takeoff!Y149 -> 18239.956 | F12: SF | G12: Takeoff column Y
A13: 5/8" Gyp MOISTURE RESISTANT (SF) | B13: =Takeoff!Z146 -> 261.82312 | C13: =Takeoff!Z147 -> 0.06 | D13: =Takeoff!Z148 -> 15.709387 | E13: =Takeoff!Z149 -> 277.53251 | F13: SF | G13: Takeoff column Z
A14: 3/8" Gyp Board (SF) | B14: =Takeoff!AA146 -> 38.05031 | C14: =Takeoff!AA147 -> 0.06 | D14: =Takeoff!AA148 -> 2.2830186 | E14: =Takeoff!AA149 -> 40.333329 | F14: SF | G14: Takeoff column AA
A15: 5/8" EXTERIOR gyp sheathing (SF) | B15: =Takeoff!AB146 -> 1107.3923 | C15: =Takeoff!AB147 -> 0.06 | D15: =Takeoff!AB148 -> 66.44354 | E15: =Takeoff!AB149 -> 1173.8359 | F15: SF | G15: Takeoff column AB
A16: 5/8" glass mat sheathing (SF) | B16: =Takeoff!AC146 -> 0 | C16: =Takeoff!AC147 -> 0.06 | D16: =Takeoff!AC148 -> 0 | E16: =Takeoff!AC149 -> 0 | F16: SF | G16: Takeoff column AC
A17: FRT plywood (SF) | B17: =Takeoff!AD146 -> 7346.0932 | C17: =Takeoff!AD147 -> 0.06 | D17: =Takeoff!AD148 -> 440.76559 | E17: =Takeoff!AD149 -> 7786.8588 | F17: SF | G17: Takeoff column AD
A18: Ballistic panel 3/8" UL752 fiberglass (SF) | B18: =Takeoff!AE146 -> 60.88 | C18: =Takeoff!AE147 -> 0.06 | D18: =Takeoff!AE148 -> 3.6528 | E18: =Takeoff!AE149 -> 64.5328 | F18: SF | G18: Takeoff column AE
A19: FRP-1 (SF) | B19: =Takeoff!AF146 -> 334.2 | C19: =Takeoff!AF147 -> 0.06 | D19: =Takeoff!AF148 -> 20.052 | E19: =Takeoff!AF149 -> 354.252 | F19: SF | G19: Takeoff column AF
A20: Durock / cement board (SF) | B20: =Takeoff!AG146 -> 0 | C20: =Takeoff!AG147 -> 0.06 | D20: =Takeoff!AG148 -> 0 | E20: =Takeoff!AG149 -> 0 | F20: SF | G20: Takeoff column AG
A21: Batt insulation (SF) | B21: =Takeoff!AH146 -> 5289.7697 | C21: =Takeoff!AH147 -> 0 | D21: =Takeoff!AH148 -> 0 | E21: =Takeoff!AH149 -> 5289.7697 | F21: SF | G21: Takeoff column AH
A22: FRT blocking (LF) | B22: =Takeoff!AI146 -> 722.25 | C22: =Takeoff!AI147 -> 0 | D22: =Takeoff!AI148 -> 0 | E22: =Takeoff!AI149 -> 722.25 | F22: LF | G22: Takeoff column AI
A23: Metal trim - corner bead / casing / shadow molding (LF) | B23: =Takeoff!AJ146 -> 1332.82 | C23: =Takeoff!AJ147 -> 0.15 | D23: =Takeoff!AJ148 -> 199.923 | E23: =Takeoff!AJ149 -> 1532.743 | F23: LF | G23: Takeoff column AJ
A24: Acoustical sealant (LF) | B24: =Takeoff!AK146 -> 1190.56 | C24: =Takeoff!AK147 -> 0 | D24: =Takeoff!AK148 -> 0 | E24: =Takeoff!AK149 -> 1190.56 | F24: LF | G24: Takeoff column AK
A25: Furring channel 7/8" (LF) | B25: =Takeoff!AL146 -> 706.2 | C25: =Takeoff!AL147 -> 0.15 | D25: =Takeoff!AL148 -> 105.93 | E25: =Takeoff!AL149 -> 812.13 | F25: LF | G25: Takeoff column AL
A26: Carrying channel 1-1/2" (LF) | B26: =Takeoff!AM146 -> 235.4 | C26: =Takeoff!AM147 -> 0.15 | D26: =Takeoff!AM148 -> 35.31 | E26: =Takeoff!AM149 -> 270.71 | F26: LF | G26: Takeoff column AM
A27: Hanger wire 12 GA (LF) | B27: =Takeoff!AN146 -> 282.27 | C27: =Takeoff!AN147 -> 0.15 | D27: =Takeoff!AN148 -> 42.3405 | E27: =Takeoff!AN149 -> 324.6105 | F27: LF | G27: Takeoff column AN
A28: Track de ceilings / soffits (LF) | B28: =Takeoff!AO146 -> 554.5 | C28: =Takeoff!AO147 -> 0.15 | D28: =Takeoff!AO148 -> 83.175 | E28: =Takeoff!AO149 -> 637.675 | F28: LF | G28: Takeoff column AO
A29: Framed openings MEP / recessed (EA) | B29: =Takeoff!AP146 -> 9 | C29: =Takeoff!AP147 -> 0 | D29: =Takeoff!AP148 -> 0 | E29: =Takeoff!AP149 -> 9 | F29: EA | G29: Takeoff column AP
A30: Level 5 finish (SF) | B30: =Takeoff!AQ146 -> 914.6 | C30: =Takeoff!AQ147 -> 0 | D30: =Takeoff!AQ148 -> 0 | E30: =Takeoff!AQ149 -> 914.6 | F30: SF | G30: Takeoff column AQ

Sheet Partition Types
A1: Type | B1: Detail | C1: Stud | D1: Spacing / gauge | E1: Side 1 (layers / board / height) | F1: Side 2 (layers / board / height) | G1: Top track condition | H1: Insulation | I1: Status
A2: A1 | B2: 3/A12.01 | C2: 3 5/8" 362S137-33 (S5.20) | D2: 16" O.C., 33 mil (20 ga) | E2: 1 layer 5/8" GWB to ceiling + 6" | F2: 1 layer 5/8" GWB to ceiling + 6" | G2: CONTINUOUS SLIP TRACK to underside of structure (3/A12.01); slip track profile not designated in S5.20 -> RFI-18 | H2: Batt (YES) | I2: [CONFIRMADO] 3/A12.01 table: 3 5/8", 5/8", 4 7/8"
A3: A5 | B3: 3/A12.01 | C3: 6" 600S137-33 | D3: 16" O.C. | E3: 1 layer 5/8" GWB to ceiling + 6" | F3: same | G3: CONTINUOUS SLIP TRACK | H3: Batt | I3: [CONFIRMADO] 3/A12.01: 6", 5/8", 7 1/4"
A4: B | B4: 1/A12.01 | C4: 3 5/8" | D4: 16" O.C. | E4: 1 layer 5/8" GWB full height to structure | F4: same | G4: CONTINUOUS SLIP TRACK | H4: Batt | I4: [CONFIRMADO] 1/A12.01: 3 5/8", 4 7/8"
A5: B2 | B5: 1/A12.01 | C5: 6" | D5: 16" O.C. | E5: 1 layer 5/8" GWB full height | F5: same | G5: CONTINUOUS SLIP TRACK | H5: Batt | I5: [CONFIRMADO] 1/A12.01: 6", 7 1/4"
A6: B2K | B6: 1/A12.01 + 4/A12.01 (derived, not in schedule) | C6: 6" | D6: 16" O.C. | E6: 3/8" UL752 fiberglass to 8'-0" + 5/8" GWB full height | F6: 5/8" GWB full height | G6: slip track | H6: Batt | I6: [DERIVADO] B2 + K (A5K delta 7 5/8" - 7 1/4" = 3/8"); measured 7.67" on A02.01 -> RFI-02
A7: A1K | B7: 4/A12.01 | C7: 3 5/8" 14 GA | D7: 24" O.C. MAX (WALL CONSTRUCTION SHALL INCLUDE) | E7: teller side: 5/8" GWB over 3/8" UL752 LEVEL-2 fiberglass to 8'-0"; 3/8" GWB 8'-0" to structure | F7: customer side: 5/8" GWB | G7: CONTINUOUS SLIP TRACK; PAF @2'-0" O.C. alternating, within 3" of track ends | H7: Batt | I7: [CONFIRMADO] 4/A12.01 note text
A8: C1 | B8: 6/A12.01 | C8: 3 5/8" | D8: 16" O.C. | E8: 1 layer 5/8" GWB (furred face) | F8: -- (block / chase side) | G8: to structure | H8: -- | I8: [CONFIRMADO] 6/A12.01
A9: F | B9: 12/A12.01 | C9: 3 5/8" | D9: 16" O.C., span floor to deck, brace as required | E9: ATM lobby: 3/4" FRT plywood to deck + 5/8" GWB | F9: ATM room: 5/8" GWB to ceiling + 6" | G9: track to deck | H9: Batt | I9: [CONFIRMADO] 12/A12.01
A10: G | B10: 5/A12.01 | C10: double row 1 5/8" + Soundguard isolator (Marinoware) | D10: 16" O.C. each row | E10: 2 layers 5/8" GWB to structure | F10: 2 layers 5/8" GWB to structure | G10: METAL STUD TRACK | H10: Batt | I10: [CONFIRMADO] 5/A12.01: 1 5/8", 6 1/8"
A11: G1 | B11: 5/A12.01 | C11: double row 1 5/8" + isolator | D11: 16" O.C. | E11: 2 layers 5/8" GWB | F11: 2 layers 5/8" GWB | G11: METAL STUD TRACK | H11: Batt | I11: [CONFIRMADO] 5/A12.01: 8"
A12: A6 / A8 / A5K | B12: 2/A12.01, 4/A12.01 | C12: -- | D12: -- | E12: -- | F12: -- | G12: -- | H12: -- | I12: NOT ON PLAN: no tag found on A02.01 (census 51 boxed tags) -> not quantified
A13: EXT 6" CFMF | B13: A09.21-A09.23, A09.26, S5.20 | C13: 6" 600S137-33 | D13: 16" O.C.; bottom 600T125-33; top 600T200-97; 1 1/2" C.R. channel @48" | E13: interior: 5/8" GWB to deck | F13: exterior: 5/8" FRT plywood bonded to 2 1/2" polyiso; parapet back 5/8" exterior gypsum sheathing | G13: top track 600T200-97 at T/STUD | H13: spray foam by others | I13: [CONFIRMADO] S5.20 METAL STUD PROPERTIES

Sheet RFIs
A1: RFI | B1: Question / condition | C1: Delta of each alternative
A2: RFI-01 | B2: Exterior elevation titles transposed: A09.01 "SOUTH ELEVATION" shows the plan-north facade (entrance, grids 8->1) and A09.02 "NORTH ELEVATION" shows plan-south (door 123). A11.04 office elevations titled SOUTH show WC-18 which A05.01 places on the plan-north wall. Take-off follows plan orientation (north arrow A02.01). | C2: No quantity change; risk of other trades mis-reading.
A3: RFI-02 | B3: Tag B2K (Cash Window NW stub) has no row in the 1/A12.01 schedule. Carried as B2 + 3/8" UL752 fiberglass panel (A5K logic), measured 7.67" in plan. | C3: If plain B2: - 10.1 SF ballistic panel.
A4: RFI-03 | B4: LOW roof zone (grids A-B) deck slopes 13'-0 5/8" to 12'-6 3/8" (S2.20). Studs carried at high end 13.052 ft. | C4: Using low end: - 126.6 LF of studs (and matching board on full-height faces).
A5: RFI-04 | B5: Office bulkheads 8,9/A12.01: "METAL STUD" double row with isolator, size not given. Carried 1 5/8" (G family). | C5: If 3 5/8": same LF moves from 1-5/8" to 3-5/8" column (535.5 LF).
A6: RFI-05 | B6: C1 tags at the 4 vestibule column/pier boxes: 6/A12.01 shows C1 as block partition furring; 1,2/A09.25 show storefront pier (3 5/8" framing, 3/4" FRT plywood, 5/8" GWB). Carried as piers (PIER row). | C6: --
A7: RFI-06 | B7: High parapet block (T.O. PARAPET 2 20'-0") extent: carried over vestibule/ATM block with east (30.36 LF) and south (17.68 LF) returns 4.29 ft high above main roof. | C7: Returns = 206 SF FRT plywood + 206 SF ext. gyp sheathing + 262 LF parapet studs.
A8: RFI-07 | B8: Drinking fountain alcove (Corridor 111) drawn 4 7/8" while adjacent tags are B2 (7 1/4"). Carried as B (3 5/8"). | C8: If B2: 8.69 LF moves from 3-5/8" to 6" studs.
A9: RFI-08 | B9: GWB ceiling suspension not specified (only "12 GAUGE HANGER WIRE" 3/A09.33). Carried 7/8" furring channel @16" on 1 1/2" CRC @48", 12 GA hanger wire @48"x48", perimeter track (ASTM C754). | C9: Alt: drywall grid (heavy duty main runner + cross tee) - removes furring/CRC.
A10: RFI-09 | B10: Blocking allowances: wall stops on all 14 wood doors (confirm per hardware group), lockers keynote 5 (location not shown), 3/4" fire rated plywood backboards (extent), equipment note C. | C10: Allowance lines BLK-WS 28 LF, BLK-LKR 12 LF, BB-NER 128 SF, BLK-EQ 40 LF.
A11: RFI-10 | B11: MEP crossings at full-height partitions and exterior walls not cross-checked geometrically (M01.01/P01.01 not registered). No framed duct openings carried. | C11: To be priced after MEP review.
A12: RFI-11 | B12: Canopy soffit sheathing: 3,7/A09.26 = 5/8" ext. grade FRT plywood; 4,5/A09.33 = "5/8" EXTERIOR SHEATHING". Carried FRT plywood. | C12: Alt 5/8" exterior gypsum sheathing on 1,443.9 SF.
... A19: RFI-18 | B19: Continuous slip track (A1, A5, B, B2, A1K, F) has no profile designation; S5.20 lists 600T200-97 top track for exterior walls only. Carried interior top track as slip track of the same stud size, 2" leg. | C19: Price delta slip track vs standard track.

Sheet Clarifications
A1: # | B1: Clarifications & Exclusions
A2: 1 | B2: Ground-up new building (A00.00: GROUND UP - NEW FINANCIAL CENTER, Type II-B, Group B, 4,260 SF). No demolition / existing walls: Demolition column = 0.
A3: 2 | B3: Excluded (other divisions / vendors): aluminum storefront & entrance doors (Div 08), Allsteel DFC-1A office fronts (bank vendor, A02.01 note E), coiling grille (vendor), airlock all-glass 24 HR vestibule (A12.10), ACM / EPS-3 / EPS-5 panels and coping (Div 07), PT-3/PT-4 stucco (Div 09 24), spray foam insulation, roofing, ACT ceilings and grid (Div 09 51), millwork, toilet partitions & accessories (Div 10), light fixtures (Div 26), signage.
A4: 3 | B4: Included: interior framing & GWB per partition types, office front bulkheads (8,9/A12.01), coiling grille head, CSR soffit, GWB ceilings with suspension, exterior 6" CFMF incl. parapets, FRT plywood/polyiso sheathing (RFI-14), parapet back exterior gypsum sheathing, canopy soffit & fascia framing + FRT plywood, canopy column wraps, storefront piers, FRT blocking, framed openings, FRP WC-3 (A00.40 "GC/GC"), batt insulation, acoustical sealant, metal trim.
A5: 4 | B5: Finish level: Level 4 assumed everywhere except Level 5 at WC-18, WC-20, WC-22 (A00.40, A05.01 keynotes 9,10).
A6: 5 | B6: Control joints: none labeled for interior GWB; stucco CJ by others (A09.31) - excluded.
A7: 6 | B7: No fire-rated assemblies: every type in 1-6/A12.01 lists FIRE RATING "--"; no fire tape carried.
A8: 7 | B8: Trade criteria not drawn: wall stop blocking 2'-0" per stop; jambs 2 studs per side (S5.20 DBL JAMB); waste metal 15%, board 6% in own cells.
A9: 8 | B9: Heights: north (HI) zone deck 15'-4 1/2", south (LOW) zone 13'-0 5/8" high end (S2.20); T/STUD 17'-5" (LP) and 19'-8" (HP) (A09.21).

Sheet Revisar en la manana
A1: # | B1: Punto (los términos del trade quedan en inglés) | C1: Referencia
A2: 1 | B2: Barrido por tag: 51 tags con caja real en A02.01 (A1 10, G 9, C1 8, B 7, B2 6, A5 4, A1K 3, G1 2, F 1, B2K 1) -> 54 walls interiores numerados W-01..W-97. Revisar la lista y los planos marcados por tipo (carpeta Planos marcados). | C2: Punto de revisión (pausa del barrido)
A3: 2 | B3: Walls sin tag (rojo en los planos): W-34, W-37, W-38, W-39 (alcove de bebederos), W-87 (stub office 1), W-97 (stub office 6), W-13B (split en grid B). Confirmar tipo. | C3: RFI-07
A4: 3 | B4: Elevaciones N/S con títulos invertidos (A09.01/A09.02 y A11.04). Se trabajó con la orientación de la planta. | C4: RFI-01
A5: 4 | B5: B2K no existe en el schedule: se derivó como B2 + 3/8" fiberglass (delta 10.1 SF ballistic panel). | C5: RFI-02
A6: 5 | B6: Zona LOW con pendiente: se usó el extremo alto 13'-0 5/8" (delta -126.6 LF stud si se usa el bajo). | C6: RFI-03
A7: 6 | B7: Bulkheads de office front: stud doble 1 5/8" supuesto (detalle no da medida). | C7: RFI-04
A8: 7 | B8: Suspensión de GWB ceilings no especificada: se usó furring channel + carrying channel + hanger wire. | C8: RFI-08
A9: 8 | B9: Cruce MEP no hecho por geometría: sin framed openings de ductos. | C9: RFI-10
A10: 9 | B10: Soffit del canopy: FRT plywood vs exterior sheathing (delta 1,443.9 SF). | C10: RFI-11
A11: 10 | B11: Allowances de blocking (wall stops, lockers, backboards, equipo). | C11: RFI-09
A12: 11 | B12: Day 1 ATM / Future ATM: aberturas no deducidas. | C12: RFI-13
... A14: 13 | B14: Herramienta alcances.py compuerta depende de eval_takeoff.py (calificador, prohibido bajarlo): la compuerta no pudo correr. Ver resumen. | C14: Falla de herramienta

Sheet Sheet map
A1: page_index (0-based) | B1: Sheet (title block, largest text)
A2: 0 | B2: SIN ROTULO
A3: 1 | B3: A00.00
A4: 2 | B4: C1.1
A5: 3 | B5: SIN ROTULO
A6: 4 | B6: SIN ROTULO
A7: 5 | B7: SIN ROTULO
A8: 6 | B8: SIN ROTULO
A9: 7 | B9: SIN ROTULO
A10: 8 | B10: SIN ROTULO
A11: 9 | B11: SIN ROTULO
A12: 10 | B12: SIN ROTULO
A13: 11 | B13: C7.2
... A95: 93 | B95: P03.01
