Workbook

Sheet Inputs
A1: Bank of America - Broomfield, CO (CO1-111) | METAL FRAMING & DRYWALL TAKEOFF
A2: Bid set: 2025.08.26_CO1-111_Broomfield_PERMIT SET_BID SET.pdf · 2026-10-19 · Edit ONLY the yellow cells.
A4: PARAMETER | B4: VALUE | C4: NOTE / SOURCE
A5: Waste - ALL METAL, any type | B5: 0.15 | C5: Estimator standing rule: 15% on everything that is metal.
A6: Waste - EVERYTHING THAT IS NOT METAL | B6: 0.06 | C6: Estimator standing rule: same figure as board.
A7: Board sheet width (ft) | B7: 4 | C7: Sheet size is a parameter; buy the size that wastes least.
A8: Board sheet length (ft) | B8: 12 | C8: Change it and every sheet count re-rounds.
A9: SF per board sheet | B9: =B7*B8 -> 48 | C9: Width x length.
A10: Stud stock length (ft) | B10: 20 | C10: Stud, header, framed opening and stud blocking: sticks.
A11: Track stock length (ft) | B11: 10 | C11: Track, sill track and purlin: runs.
A12: Floor plan scale (pt/ft) | B12: 18 | C12: Project value (canon constants).
A13: B.O. Deck (ft) | B13: 15.375 | C13: Project value (canon constants).
A14: T.O. Parapet (ft) | B14: 19.667 | C14: Project value (canon constants).
A15: Sealant coverage (LF per tube) | B15: 25 | C15: Sealant yield per tube - set your supplier's figure.
A16: C.R. channel stock length (ft) | B16: 16 | C16: 1-1/2" cold-rolled channel (bracing, carrying channel).
A17: Hat / furring channel stock (ft) | B17: 12 | C17: 7/8" hat furring channel.
A18: Trim stick length (ft) | B18: 10 | C18: Corner bead, casing bead, shadow molding, PVC trim.
A19: Hanger wire purchase | B19: continuous coil (LF) | C19: Bought by LF from a continuous coil; the hanger count goes on its own PCS row.
A20: Drywall screws per SF of board | B20: 1.2 | C20: YIELD (GA-216 field / perimeter spacing).
A21: Framing screws per stud piece | B21: 4 | C21: YIELD: 2 per stud-to-track connection, each end.
A22: Power-driven pin spacing (ft) | B22: 1 | C22: YIELD: bottom track on slab, interior walls.
A23: Joint compound (lb per SF) | B23: 0.072 | C23: YIELD: 72 lb per 1,000 SF, level 4 (estimator criterion).
A24: Joint tape (LF per SF) | B24: 0.37 | C24: YIELD: 370 LF per 1,000 SF.
A25: Expansion anchor spacing (ft) | B25: 0.6667 | C25: YIELD: exterior bottom track on slab.

Sheet Partition Takeoff
A1: ORGANIZED PARTITION TAKEOFF - Bank of America - Broomfield, CO (CO1-111)
A2: Grouped by partition type. Every row cites its DETAIL/SHEET and its status.
A4: Partition / Scope | B4: Wall # | C4: Length (LF) | D4: Height (FT) | E4: Layers | F4: Stud Size | G4: Stud O.C. (in) | H4: Board (SF) | I4: Location | J4: Source (DETAIL/SHEET) | K4: Status
A5: TYPE EXT-6CFMF
A6: EXT-6CFMF #AEXT-01 - West exterior wall on grid 2, from the south end of SF-W1 (24 HR vestibule 101) to the jog at grid D (ATM room 102); exterior = drive-thru lane | B6: AEXT-01 | C6: 21.889 | D6: 14.358 | E6: 1 | F6: 6" | G6: 16 | H6: 330.79 | I6: West exterior wall on grid 2, from the south end of SF-W1 (24 HR vestibule 101) to the jog at grid D (ATM room 102); exterior = drive-thru lane | J6: A/A09.21 | K6: [DERIVED]
A7: EXT-6CFMF #AEXT-02 - Exterior jog wall on grid D between grid 2 and grid 3 (south wall of ATM room 102; faces south to the drive-thru canopy) | B7: AEXT-02 | C7: 3.353 | D7: 14.358 | E7: 1 | F7: 6" | G7: 16 | H7: 51.55 | I7: Exterior jog wall on grid D between grid 2 and grid 3 (south wall of ATM room 102; faces south to the drive-thru canopy) | J7: A/A09.21 | K7: [DERIVED]
A8: EXT-6CFMF #AEXT-03+AEXT-04 - West exterior wall on grid 3, grid D to grid B (offices 109, 110, women's 114) + West exterior wall on grid 3, grid B to grid A (women's 114, plumbing chase, men's 113, janitor 112, wellness 115) | B8: AEXT-03+AEXT-04 | C8: 48.811 | D8: 13.067 | E8: 1 | F8: 6" | G8: 16 | H8: 658.68 | I8: West exterior wall on grid 3, grid D to grid B (offices 109, 110, women's 114) + West exterior wall on grid 3, grid B to grid A (women's 114, plumbing chase, men's 113, janitor 112, wellness 115) | J8: A/A09.21 | K8: [DERIVED]
A9: EXT-6CFMF #AEXT-05+AEXT-06 - South exterior wall on grid A, grid 3 to grid 6 (wellness 115, corridor 111 with HM door 123, NER 121, break room 118 west part) + South exterior wall on grid A, grid 6 to grid 8 (break room 118 east part, work room 119) | B9: AEXT-05+AEXT-06 | C9: 51.733 | D9: 11.17 | E9: 1 | F9: 6" | G9: 16 | H9: 621.04 | I9: South exterior wall on grid A, grid 3 to grid 6 (wellness 115, corridor 111 with HM door 123, NER 121, break room 118 west part) + South exterior wall on grid A, grid 6 to grid 8 (break room 118 east part, work room 119) | J9: A/A09.21 | K9: [DERIVED]
A10: EXT-6CFMF #AEXT-07+AEXT-08 - East exterior wall on grid 8, grid F to grid B (offices 105-108 with clerestory windows W-E1..W-E4, cash window 116 north part) + East exterior wall on grid 8, grid B to grid A (cash window 116 south part, work room 119) | B10: AEXT-07+AEXT-08 | C10: 77.189 | D10: 13.542 | E10: 1 | F10: 6" | G10: 16 | H10: 1063 | I10: East exterior wall on grid 8, grid F to grid B (offices 105-108 with clerestory windows W-E1..W-E4, cash window 116 north part) + East exterior wall on grid 8, grid B to grid A (cash window 116 south part, work room 119) | J10: A/A09.21 | K10: [DERIVED]
A11: EXT-6CFMF #AEXT-09 - North exterior wall on grid F over office 105 (grid 7 to grid 8); west end = SF-N2 storefront jamb | B11: AEXT-09 | C11: 12.639 | D11: 14.358 | E11: 1 | F11: 6" | G11: 16 | H11: 194.32 | I11: North exterior wall on grid F over office 105 (grid 7 to grid 8); west end = SF-N2 storefront jamb | J11: A/A09.21 | K11: [DERIVED]
A12: EXT-6CFMF #AEXT-16 - NW storefront pier at grid 2 / G (vestibule 100): exterior 6" CFMF L (north + west faces) | B12: AEXT-16 | C12: 3.375 | D12: 14.358 | E12: 0 | F12: 6" | G12: 16 | H12: 0 | I12: NW storefront pier at grid 2 / G (vestibule 100): exterior 6" CFMF L (north + west faces) | J12: 1/A09.25 | K12: [DERIVED]
A13: EXT-6CFMF #AEXT-17 - NE storefront pier at grid 4 / G-F (vestibule 100 / central zone 103): exterior 6" CFMF L (north + east faces) | B13: AEXT-17 | C13: 2.896 | D13: 14.358 | E13: 0 | F13: 6" | G13: 16 | H13: 0 | I13: NE storefront pier at grid 4 / G-F (vestibule 100 / central zone 103): exterior 6" CFMF L (north + east faces) | J13: 2/A09.25 | K13: [DERIVED]
A14: TYPE CANOPY-COL
A15: CANOPY-COL #AEXT-18 - Drive-thru canopy column #1 (north to south) on grid 1 (west of the ATM drive lane) | B15: AEXT-18 | C15: 5.667 | D15: 10.5 | E15: 0 | F15: 3-5/8" | G15: 16 | H15: 0 | I15: Drive-thru canopy column #1 (north to south) on grid 1 (west of the ATM drive lane) | J15: 5/A09.25 | K15: [DERIVED]
A16: CANOPY-COL #AEXT-19 - Drive-thru canopy column #2 (north to south) on grid 1 (west of the ATM drive lane) | B16: AEXT-19 | C16: 5.667 | D16: 10.5 | E16: 0 | F16: 3-5/8" | G16: 16 | H16: 0 | I16: Drive-thru canopy column #2 (north to south) on grid 1 (west of the ATM drive lane) | J16: 5/A09.25 | K16: [DERIVED]
A17: CANOPY-COL #AEXT-20 - Drive-thru canopy column #3 (north to south) on grid 1 (west of the ATM drive lane) | B17: AEXT-20 | C17: 5.667 | D17: 10.5 | E17: 0 | F17: 3-5/8" | G17: 16 | H17: 0 | I17: Drive-thru canopy column #3 (north to south) on grid 1 (west of the ATM drive lane) | J17: 5/A09.25 | K17: [DERIVED]
A18: CANOPY-COL #AEXT-21 - Drive-thru canopy column #4 (north to south) on grid 1 (west of the ATM drive lane) | B18: AEXT-21 | C18: 5.667 | D18: 10.5 | E18: 0 | F18: 3-5/8" | G18: 16 | H18: 0 | I18: Drive-thru canopy column #4 (north to south) on grid 1 (west of the ATM drive lane) | J18: 5/A09.25 | K18: [DERIVED]
A19: TYPE EXT-PARAPET
A20: EXT-PARAPET #AEXT-27 - tower (parapet 2) west run on grid 2, G to D | B20: AEXT-27 | C20: 29 | D20: 4.292 | E20: 0 | F20: 6" parapet | G20: 16 | H20: 0 | I20: tower (parapet 2) west run on grid 2, G to D | J20: 11/S5.10 | K20: [DERIVED]
A21: EXT-PARAPET #AEXT-28 - tower (parapet 2) jog run on grid D, grid 2 to grid 3 | B21: AEXT-28 | C21: 3.867 | D21: 4.292 | E21: 0 | F21: 6" parapet | G21: 16 | H21: 0 | I21: tower (parapet 2) jog run on grid D, grid 2 to grid 3 | J21: 11/S5.10 | K21: [DERIVED]
A22: EXT-PARAPET #AEXT-29+AEXT-30 - parapet 1 on grid 3, D to B (high deck) + parapet 1 on grid 3, B to A (sloped low deck) | B22: AEXT-29+AEXT-30 | C22: 47.927 | D22: 3.406 | E22: 0 | F22: 6" parapet | G22: 16 | H22: 0 | I22: parapet 1 on grid 3, D to B (high deck) + parapet 1 on grid 3, B to A (sloped low deck) | J22: 11/S5.10 | K22: [DERIVED]
A23: EXT-PARAPET #AEXT-31 - parapet 1 on grid A, grid 3 to grid 8 (eave) | B23: AEXT-31 | C23: 52.333 | D23: 4.886 | E23: 0 | F23: 6" parapet | G23: 16 | H23: 0 | I23: parapet 1 on grid A, grid 3 to grid 8 (eave) | J23: 11/S5.10 | K23: [DERIVED]
A24: EXT-PARAPET #AEXT-33+AEXT-32 - parapet 1 on grid 8, F to B (high deck) + parapet 1 on grid 8, B to A (sloped low deck) | B24: AEXT-33+AEXT-32 | C24: 75.933 | D24: 2.899 | E24: 0 | F24: 6" parapet | G24: 16 | H24: 0 | I24: parapet 1 on grid 8, F to B (high deck) + parapet 1 on grid 8, B to A (sloped low deck) | J24: 11/S5.10 | K24: [DERIVED]
A25: EXT-PARAPET #AEXT-34 - parapet 1 on grid F, grid 4 return to grid 8 | B25: AEXT-34 | C25: 40 | D25: 2.042 | E25: 0 | F25: 6" parapet | G25: 16 | H25: 0 | I25: parapet 1 on grid F, grid 4 return to grid 8 | J25: 11/S5.10 | K25: [DERIVED]
A26: EXT-PARAPET #AEXT-35 - tower (parapet 2) north run on grid G, grid 2 to grid 4 | B26: AEXT-35 | C26: 16.686 | D26: 4.292 | E26: 0 | F26: 6" parapet | G26: 16 | H26: 0 | I26: tower (parapet 2) north run on grid G, grid 2 to grid 4 | J26: 11/S5.10 | K26: [DERIVED]
A27: EXT-PARAPET #AEXT-36 - tower (parapet 2) east return on grid 4 (free end on the roof, A02.02 key note 10 ACM coping) | B27: AEXT-36 | C27: 4.092 | D27: 4.292 | E27: 0 | F27: 6" parapet | G27: 16 | H27: 0 | I27: tower (parapet 2) east return on grid 4 (free end on the roof, A02.02 key note 10 ACM coping) | J27: 11/S5.10 | K27: [DERIVED]
A28: TYPE A1
A29: A1 #AI1-01 - Calling Cubes 122 north wall / Waiting 104 (grid 5-6, between C.5 and C, y 971 pt) | B29: AI1-01 | C29: 17.02 | D29: 15.375 | E29: 1.98 | F29: 3-5/8" | G29: 16 | H29: 361.95 | I29: Calling Cubes 122 north wall / Waiting 104 (grid 5-6, between C.5 and C, y 971 pt) | J29: 3/A12.01 | K29: [DERIVED]
A30: A1 #AI1-02 - MW01 printer closet east wall / Calling Cubes 122 (grid 5-6) | B30: AI1-02 | C30: 3.533 | D30: 15.375 | E30: 1.9 | F30: 3-5/8" | G30: 16 | H30: 80.69 | I30: MW01 printer closet east wall / Calling Cubes 122 (grid 5-6) | J30: 3/A12.01 | K30: [DERIVED]
A31: A1 #AI1-03 - MW01 printer closet south wall / MW07 millwork in Calling Cubes 122 | B31: AI1-03 | C31: 2.02 | D31: 15.375 | E31: 2 | F31: 3-5/8" | G31: 16 | H31: 49.24 | I31: MW01 printer closet south wall / MW07 millwork in Calling Cubes 122 | J31: 3/A12.01 | K31: [DERIVED]
A32: A1 #AI1-07 - Corridor 111 north wall (door 111) / Central Zone 103 strip, between grid 4 and 5 just north of grid B | B32: AI1-07 | C32: 5.587 | D32: 15.375 | E32: 1.89 | F32: 3-5/8" | G32: 16 | H32: 55.84 | I32: Corridor 111 north wall (door 111) / Central Zone 103 strip, between grid 4 and 5 just north of grid B | J32: 3/A12.01 | K32: [DERIVED]
A33: A1 #AI1-10 - Calling Cubes 122 south wall / Break Room 118 (MW21), grid 5-6 south of grid B | B33: AI1-10 | C33: 15.812 | D33: 13.052 | E33: 1.98 | F33: 3-5/8" | G33: 16 | H33: 281.14 | I33: Calling Cubes 122 south wall / Break Room 118 (MW21), grid 5-6 south of grid B | J33: 3/A12.01 | K33: [DERIVED]
A34: A1 #AI1-11 - Short N-S wall at MW21 east end, Break Room 118 / CSR customer queue (grid 6) | B34: AI1-11 | C34: 1.733 | D34: 11.91 | E34: 1.8 | F34: 3-5/8" | G34: 16 | H34: 28.88 | I34: Short N-S wall at MW21 east end, Break Room 118 / CSR customer queue (grid 6) | J34: 3/A12.01 | K34: [DERIVED]
A35: A1 #AI1-12 - Break Room 118 north wall (door 118A) / CSR customer queue, grid 6-7 | B35: AI1-12 | C35: 5.5 | D35: 13.052 | E35: 1.93 | F35: 3-5/8" | G35: 16 | H35: 43.44 | I35: Break Room 118 north wall (door 118A) / CSR customer queue, grid 6-7 | J35: 3/A12.01 | K35: [CONFIRMED]
A36: A1 #AI1-14 - Work Room 119 north wall (door 119) / Cash Window 116, grid 7-8 | B36: AI1-14 | C36: 11.667 | D36: 13.052 | E36: 2 | F36: 3-5/8" | G36: 16 | H36: 168.06 | I36: Work Room 119 north wall (door 119) / Cash Window 116, grid 7-8 | J36: 3/A12.01 | K36: [CONFIRMED]
A37: A1 #AI1-15 - Corridor 111 east wall on grid 5 (door 118B; Electrical 120 and NER 121 west wall, FD-1/FD-2) | B37: AI1-15 | C37: 20.521 | D37: 11.91 | E37: 1.94 | F37: 3-5/8" | G37: 16 | H37: 363.7 | I37: Corridor 111 east wall on grid 5 (door 118B; Electrical 120 and NER 121 west wall, FD-1/FD-2) | J37: 3/A12.01 | K37: [DERIVED]
A38: A1 #RES-01+RES-01N+RES-01S - Drinking-fountain alcove on grid 4, Corridor 111 (between women's 114 and men's 113 B2 walls) | B38: RES-01+RES-01N+RES-01S | C38: 7.487 | D38: 13.052 | E38: 2 | F38: 3-5/8" | G38: 16 | H38: 134.76 | I38: Drinking-fountain alcove on grid 4, Corridor 111 (between women's 114 and men's 113 B2 walls) | J38: 3/A12.01 | K38: [DERIVED]
A39: TYPE A5
A40: A5 #AI1-04 - Calling Cubes 122 west wall (upper) / Central Zone 103 strip east of office front grid 4 (FEC-1 on W face) | B40: AI1-04 | C40: 11 | D40: 15.375 | E40: 1.97 | F40: 6" | G40: 16 | H40: 227.82 | I40: Calling Cubes 122 west wall (upper) / Central Zone 103 strip east of office front grid 4 (FEC-1 on W face) | J40: 3/A12.01 | K40: [DERIVED]
A41: A5 #AI1-05+AI1-06 - Calling Cubes 122 west wall (lower line, north of grid B) / Corridor 111 + Calling Cubes 122 west wall (lower line, south of grid B, door 122) / Corridor 111 | B41: AI1-05+AI1-06 | C41: 4.875 | D41: 12.587 | E41: 1.93 | F41: 6" | G41: 16 | H41: 36.8 | I41: Calling Cubes 122 west wall (lower line, north of grid B) / Corridor 111 + Calling Cubes 122 west wall (lower line, south of grid B, door 122) / Corridor 111 | J41: 3/A12.01 | K41: [DERIVED]
A42: A5 #AI1-08+AI1-09 - Calling Cubes 122 east wall (north of grid B) / Central Zone 103 & CSR customer queue (grid 6) + Calling Cubes 122 east wall (south of grid B) / CSR customer queue (grid 6) | B42: AI1-08+AI1-09 | C42: 19.405 | D42: 13.709 | E42: 1.98 | F42: 6" | G42: 16 | H42: 374.67 | I42: Calling Cubes 122 east wall (north of grid B) / Central Zone 103 & CSR customer queue (grid 6) + Calling Cubes 122 east wall (south of grid B) / CSR customer queue (grid 6) | J42: 3/A12.01 | K42: [DERIVED]
A43: A5 #AI1-13 - Break Room 118 east wall (door 116) / Cash Window 116 incl. FUTURE FCAM (grid 7) | B43: AI1-13 | C43: 6.947 | D43: 11.91 | E43: 2 | F43: 6" | G43: 16 | H43: 80.74 | I43: Break Room 118 east wall (door 116) / Cash Window 116 incl. FUTURE FCAM (grid 7) | J43: 3/A12.01 | K43: [DERIVED]
A44: TYPE A1K
A45: A1K #AI1-16 - A1K stub at north end of CSR teller line, Cash Window 116 (below office 108 G wall), grid 7-8 | B45: AI1-16 | C45: 3.417 | D45: 15.375 | E45: 2 | F45: 3-5/8" | G45: 24 | H45: 105.08 | I45: A1K stub at north end of CSR teller line, Cash Window 116 (below office 108 G wall), grid 7-8 | J45: 4/A12.01 | K45: [CONFIRMED]
A46: A1K #AI1-17 - A1K stub at south end of CSR teller line (east piece), Cash Window 116 / FUTURE FCAM, grid 7-8 | B46: AI1-17 | C46: 2.98 | D46: 13.052 | E46: 2 | F46: 3-5/8" | G46: 24 | H46: 77.78 | I46: A1K stub at south end of CSR teller line (east piece), Cash Window 116 / FUTURE FCAM, grid 7-8 | J46: 4/A12.01 | K46: [DERIVED]
A47: A1K #AI1-18 - A1K stub at south end of CSR teller line (west piece incl. jog column, under counter), Cash Window 116 / FUTURE FCAM, grid 7 | B47: AI1-18 | C47: 2.2 | D47: 13.052 | E47: 1.72 | F47: 3-5/8" | G47: 24 | H47: 49.5 | I47: A1K stub at south end of CSR teller line (west piece incl. jog column, under counter), Cash Window 116 / FUTURE FCAM, grid 7 | J47: 4/A12.01 | K47: [DERIVED]
A48: TYPE B2
A49: B2 #AI2-01+AI2-02 - Corridor 111 west wall / women's restroom 114 east wall, grid 4, north end between the G wall and grid B (high deck zone) + Corridor 111 west wall / women's restroom 114 east wall, grid 4, from grid B to the drinking fountain alcove | B49: AI2-01+AI2-02 | C49: 5.542 | D49: 13.281 | E49: 2 | F49: 6" | G49: 16 | H49: 99.44 | I49: Corridor 111 west wall / women's restroom 114 east wall, grid 4, north end between the G wall and grid B (high deck zone) + Corridor 111 west wall / women's restroom 114 east wall, grid 4, from grid B to the drinking fountain alcove | J49: 1/A12.01 | K49: [DERIVED]
A50: B2 #AI2-03 - Corridor 111 west wall, grid 4: east wall of men's 113, storage 117 and wellness 115 | B50: AI2-03 | C50: 15.787 | D50: 13.052 | E50: 2 | F50: 6" | G50: 16 | H50: 268.78 | I50: Corridor 111 west wall, grid 4: east wall of men's 113, storage 117 and wellness 115 | J50: 1/A12.01 | K50: [DERIVED]
A51: B2 #AI2-04 - ATM room 102 east wall on grid 4 (central zone 103 east side), between the grille south jamb box and the G wall | B51: AI2-04 | C51: 5.667 | D51: 15.375 | E51: 2 | F51: 6" | G51: 16 | H51: 111.66 | I51: ATM room 102 east wall on grid 4 (central zone 103 east side), between the grille south jamb box and the G wall | J51: 1/A12.01 | K51: [CONFIRMED]
A52: B2 #RES-02 - Break room 118 / work room 119 wall on grid 7, south of door 116 | B52: RES-02 | C52: 11.407 | D52: 11.91 | E52: 2 | F52: 6" | G52: 16 | H52: 297.76 | I52: Break room 118 / work room 119 wall on grid 7, south of door 116 | J52: 1/A12.01 | K52: [DERIVED]
A53: TYPE B2K
A54: B2K #AI2-06 - Ballistic stub at the NW corner of cash window 116: south wall of office 108 west end / north end of the CSR teller line (grid 7, B.2) | B54: AI2-06 | C54: 2.207 | D54: 15.375 | E54: 2 | F54: 6" | G54: 24 | H54: 67.87 | I54: Ballistic stub at the NW corner of cash window 116: south wall of office 108 west end / north end of the CSR teller line (grid 7, B.2) | J54: 4/A12.01 | K54: [DERIVED]
A55: TYPE F
A56: F #AI2-07 - Diagonal ATM partition (60 deg to grid 2) between 24 HR vestibule 101 (NE) and ATM room 102 (SW), grid 2 to grid 4 / E | B56: AI2-07 | C56: 16.913 | D56: 15.375 | E56: 2 | F56: 3-5/8" | G56: 16 | H56: 309.25 | I56: Diagonal ATM partition (60 deg to grid 2) between 24 HR vestibule 101 (NE) and ATM room 102 (SW), grid 2 to grid 4 / E | J56: 12/A12.01 | K56: [DERIVED]
A57: TYPE B
A58: B #AI2-08 - Electrical 120 north wall / break room 118 (between grid 5 and AI2-10) | B58: AI2-08 | C58: 9.987 | D58: 13.052 | E58: 2 | F58: 3-5/8" | G58: 16 | H58: 260.7 | I58: Electrical 120 north wall / break room 118 (between grid 5 and AI2-10) | J58: 1/A12.01 | K58: [DERIVED]
A59: B #AI2-09 - Electrical 120 / NER 121 separation wall (grid 5 to AI2-10) | B59: AI2-09 | C59: 9.583 | D59: 13.052 | E59: 2 | F59: 3-5/8" | G59: 16 | H59: 250.16 | I59: Electrical 120 / NER 121 separation wall (grid 5 to AI2-10) | J59: 1/A12.01 | K59: [CONFIRMED]
A60: B #AI2-10 - East wall of electrical 120 and NER 121 / break room 118 (between grids 5 and 6) | B60: AI2-10 | C60: 13.74 | D60: 13.052 | E60: 2 | F60: 3-5/8" | G60: 16 | H60: 263.11 | I60: East wall of electrical 120 and NER 121 / break room 118 (between grids 5 and 6) | J60: 1/A12.01 | K60: [DERIVED]
A61: B #AI2-11 - Men's restroom 113 south wall / janitor closet 112 and storage 117 north wall (grid 3 to grid 4) | B61: AI2-11 | C61: 11.733 | D61: 13.052 | E61: 2 | F61: 3-5/8" | G61: 16 | H61: 258.5 | I61: Men's restroom 113 south wall / janitor closet 112 and storage 117 north wall (grid 3 to grid 4) | J61: 1/A12.01 | K61: [DERIVED]
A62: B #AI2-12 - Janitor closet 112 and storage 117 south wall / wellness 115 north wall (grid 3 to grid 4) | B62: AI2-12 | C62: 11.733 | D62: 13.052 | E62: 2 | F62: 3-5/8" | G62: 16 | H62: 306.28 | I62: Janitor closet 112 and storage 117 south wall / wellness 115 north wall (grid 3 to grid 4) | J62: 1/A12.01 | K62: [DERIVED]
A63: B #AI2-13 - Janitor closet 112 / storage 117 separation wall (between MW06A and MW05) | B63: AI2-13 | C63: 3.5 | D63: 13.052 | E63: 2 | F63: 3-5/8" | G63: 16 | H63: 91.36 | I63: Janitor closet 112 / storage 117 separation wall (between MW06A and MW05) | J63: 1/A12.01 | K63: [CONFIRMED]
A64: TYPE C1
A65: C1 #AI2-14 - Plumbing chase between women's 114 and men's 113: women's side face (toilet + lavatory wall, A08.01 elevation A) | B65: AI2-14 | C65: 10.027 | D65: 13.052 | E65: 1 | F65: 3-5/8" | G65: 16 | H65: 130.87 | I65: Plumbing chase between women's 114 and men's 113: women's side face (toilet + lavatory wall, A08.01 elevation A) | J65: 6/A12.01 | K65: [DERIVED]
A66: C1 #AI2-15 - Plumbing chase between women's 114 and men's 113: men's side face (toilet + lavatory wall, A08.01 elevation A) | B66: AI2-15 | C66: 10.027 | D66: 13.052 | E66: 1 | F66: 3-5/8" | G66: 16 | H66: 130.87 | I66: Plumbing chase between women's 114 and men's 113: men's side face (toilet + lavatory wall, A08.01 elevation A) | J66: 6/A12.01 | K66: [DERIVED]
A67: C1 #AI2-16 - C1 lining on the south (FUTURE FCAM) side of the A1K stub at the south end of the CSR teller line (cash window 116, grid 7) | B67: AI2-16 | C67: 2.927 | D67: 13.052 | E67: 1 | F67: 3-5/8" | G67: 16 | H67: 38.2 | I67: C1 lining on the south (FUTURE FCAM) side of the A1K stub at the south end of the CSR teller line (cash window 116, grid 7) | J67: 6/A12.01 | K67: [DERIVED]
A68: C1 #AI2-17+RES-04+RES-05 - C1 furring for the 85" display monitor (A02.01 construction key note 7) on the north face of the calling cubes 122 north wall, waiting 104 side (grids 5-6) + end return of the C1 display-monitor furring (waiting 104) | B68: AI2-17+RES-04+RES-05 | C68: 10.626 | D68: 15.375 | E68: 1 | F68: 3-5/8" | G68: 16 | H68: 163.37 | I68: C1 furring for the 85" display monitor (A02.01 construction key note 7) on the north face of the calling cubes 122 north wall, waiting 104 side (grids 5-6) + end return of the C1 display-monitor furring (waiting 104) | J68: 6/A12.01 | K68: [DERIVED]
A69: C1 #AI2-19 - NW vestibule storefront pier at grid 2 / F-G (vestibule 100): interior L lining | B69: AI2-19 | C69: 3.06 | D69: 15.375 | E69: 1 | F69: 3-5/8" | G69: 16 | H69: 47.05 | I69: NW vestibule storefront pier at grid 2 / F-G (vestibule 100): interior L lining | J69: 6/A12.01 | K69: [DERIVED]
A70: C1 #AI2-20 - Coiling grille (door 103) north jamb box / 1'-0" post on grid 4 at the vestibule south glass (vestibule 100, 24 HR vestibule 101, central zone 103) | B70: AI2-20 | C70: 4 | D70: 15.375 | E70: 1 | F70: 3-5/8" | G70: 16 | H70: 61.52 | I70: Coiling grille (door 103) north jamb box / 1'-0" post on grid 4 at the vestibule south glass (vestibule 100, 24 HR vestibule 101, central zone 103) | J70: 6/A12.01 | K70: [DERIVED]
A71: C1 #AI2-21 - Coiling grille (door 103) south jamb box around the HSS column at grid 4 / E (24 HR vestibule 101, central zone 103); F wall and B2 die into it | B71: AI2-21 | C71: 2.893 | D71: 15.375 | E71: 1 | F71: 3-5/8" | G71: 16 | H71: 44.48 | I71: Coiling grille (door 103) south jamb box around the HSS column at grid 4 / E (24 HR vestibule 101, central zone 103); F wall and B2 die into it | J71: 6/A12.01 | K71: [DERIVED]
A72: C1 #RES-03 - NE vestibule storefront pier at grid 4 / F-G (vestibule 100, central zone 103): interior L lining | B72: RES-03 | C72: 3.646 | D72: 15.375 | E72: 1 | F72: 3-5/8" | G72: 16 | H72: 56.06 | I72: NE vestibule storefront pier at grid 4 / F-G (vestibule 100, central zone 103): interior L lining | J72: 6/A12.01 | K72: [DERIVED]
A73: TYPE G
A74: G #AI3-01 - Office front stub north of office 105 front (grid 7 line, between F and E.4): Central Zone 103 west / Office 1 ME 105 east | B74: AI3-01 | C74: 2.42 | D74: 14.383 | E74: 4 | F74: 1-5/8" | G74: 16 | H74: 148.82 | I74: Office front stub north of office 105 front (grid 7 line, between F and E.4): Central Zone 103 west / Office 1 ME 105 east | J74: 5/A12.01 | K74: [DERIVED]
A75: G #AI3-02 - Office front stub between fronts of offices 105 and 106 (grid 7 line): Central Zone 103 west / offices 105-106 east | B75: AI3-02 | C75: 3.467 | D75: 14.383 | E75: 4 | F75: 1-5/8" | G75: 16 | H75: 213.22 | I75: Office front stub between fronts of offices 105 and 106 (grid 7 line): Central Zone 103 west / offices 105-106 east | J75: 5/A12.01 | K75: [DERIVED]
A76: G #AI3-03 - Office front stub between fronts of offices 106 and 107 (grid 7 line): Central Zone 103 / Waiting 104 west / offices 106-107 east | B76: AI3-03 | C76: 3.253 | D76: 15.375 | E76: 4 | F76: 1-5/8" | G76: 16 | H76: 200.06 | I76: Office front stub between fronts of offices 106 and 107 (grid 7 line): Central Zone 103 / Waiting 104 west / offices 106-107 east | J76: 5/A12.01 | K76: [DERIVED]
A77: G #AI3-04 - Office front stub between fronts of offices 107 and 108 (grid 7 line): Waiting 104 west / offices 107-108 east | B77: AI3-04 | C77: 3.253 | D77: 15.375 | E77: 4 | F77: 1-5/8" | G77: 16 | H77: 200.06 | I77: Office front stub between fronts of offices 107 and 108 (grid 7 line): Waiting 104 west / offices 107-108 east | J77: 5/A12.01 | K77: [DERIVED]
A78: G #AI3-05 - 4" office front end stub south of office 108 front (grid 7 line, A02.01 '4"' dimension): Waiting 104 west / Office 108 east | B78: AI3-05 | C78: 0.333 | D78: 15.375 | E78: 4 | F78: 1-5/8" | G78: 16 | H78: 20.48 | I78: 4" office front end stub south of office 108 front (grid 7 line, A02.01 '4"' dimension): Waiting 104 west / Office 108 east | J78: 5/A12.01 | K78: [DERIVED]
A79: G #AI3-07 - Demising wall between Office 2 CL 106 (north) and Office 3 SB 107 (south), grid 7 to grid 8 | B79: AI3-07 | C79: 11.771 | D79: 15.375 | E79: 4 | F79: 1-5/8" | G79: 16 | H79: 723.92 | I79: Demising wall between Office 2 CL 106 (north) and Office 3 SB 107 (south), grid 7 to grid 8 | J79: 5/A12.01 | K79: [DERIVED]
A80: G #AI3-08 - Demising wall between Office 3 SB 107 (north) and Office 4 CB 108 (south), grid 7 to grid 8 | B80: AI3-08 | C80: 11.771 | D80: 15.375 | E80: 4 | F80: 1-5/8" | G80: 16 | H80: 723.92 | I80: Demising wall between Office 3 SB 107 (north) and Office 4 CB 108 (south), grid 7 to grid 8 | J80: 5/A12.01 | K80: [DERIVED]
A81: G #AI3-09 - Wall between Office 4 CB 108 (north) and Cash Window 116 (south), east of the B2K hatch to grid 8 | B81: AI3-09 | C81: 10.073 | D81: 15.375 | E81: 4 | F81: 1-5/8" | G81: 16 | H81: 619.48 | I81: Wall between Office 4 CB 108 (north) and Cash Window 116 (south), east of the B2K hatch to grid 8 | J81: 5/A12.01 | K81: [DERIVED]
A82: G #AI3-14 - Wall between ATM Room 102 (north) and Office 5 CB 109 (south), grid 3 to the grid 4 office-front line (grid D) | B82: AI3-14 | C82: 12.333 | D82: 15.375 | E82: 4 | F82: 1-5/8" | G82: 16 | H82: 758.48 | I82: Wall between ATM Room 102 (north) and Office 5 CB 109 (south), grid 3 to the grid 4 office-front line (grid D) | J82: 5/A12.01 | K82: [DERIVED]
A83: G #AI3-18 - Demising wall between Office 5 CB 109 (north) and Office 6 CB 110 (south), grid 3 to grid 4 front line | B83: AI3-18 | C83: 11.625 | D83: 15.375 | E83: 4 | F83: 1-5/8" | G83: 16 | H83: 714.94 | I83: Demising wall between Office 5 CB 109 (north) and Office 6 CB 110 (south), grid 3 to grid 4 front line | J83: 5/A12.01 | K83: [DERIVED]
A84: G #AI3-19 - Wall between Office 6 CB 110 (north) and Women's Restroom 114 (south), grid 3 to grid 4 front line | B84: AI3-19 | C84: 11.625 | D84: 15.375 | E84: 4 | F84: 1-5/8" | G84: 16 | H84: 714.94 | I84: Wall between Office 6 CB 110 (north) and Women's Restroom 114 (south), grid 3 to grid 4 front line | J84: 5/A12.01 | K84: [DERIVED]
A85: TYPE G1
A86: G1 #AI3-06 - Demising wall between Office 1 ME 105 (north) and Office 2 CL 106 (south), grid 7 to grid 8 | B86: AI3-06 | C86: 11.771 | D86: 15.375 | E86: 4 | F86: 1-5/8" | G86: 16 | H86: 723.92 | I86: Demising wall between Office 1 ME 105 (north) and Office 2 CL 106 (south), grid 7 to grid 8 | J86: 5/A12.01 | K86: [DERIVED]
A87: G1 #AI3-15 - 4" office front end stub north of office 109 front (grid 4 line): Office 109 west / Waiting 104 east | B87: AI3-15 | C87: 0.333 | D87: 15.375 | E87: 4 | F87: 1-5/8" | G87: 16 | H87: 20.48 | I87: 4" office front end stub north of office 109 front (grid 4 line): Office 109 west / Waiting 104 east | J87: 5/A12.01 | K87: [DERIVED]
A88: G1 #AI3-16 - Office front stub between fronts of offices 109 and 110 (grid 4 line): offices 109-110 west / Waiting 104 east | B88: AI3-16 | C88: 3.507 | D88: 15.375 | E88: 4 | F88: 1-5/8" | G88: 16 | H88: 215.68 | I88: Office front stub between fronts of offices 109 and 110 (grid 4 line): offices 109-110 west / Waiting 104 east | J88: 5/A12.01 | K88: [DERIVED]
A89: G1 #AI3-17 - Office front stub south of office 110 front (grid 4 line, between C and B.2): Office 110 west / Waiting 104 east | B89: AI3-17 | C89: 3.18 | D89: 15.375 | E89: 4 | F89: 1-5/8" | G89: 16 | H89: 195.58 | I89: Office front stub south of office 110 front (grid 4 line, between C and B.2): Office 110 west / Waiting 104 east | J89: 5/A12.01 | K89: [DERIVED]
A90: TYPE BULKHEAD-G
A91: BULKHEAD-G #AI3-10+AI3-11+AI3-12+AI3-13 - Bulkhead over office front DFC-1A of Office 105 (jamb to jamb between the G/G1 stubs), Central Zone 103 side / Office 105 side + Bulkhead over office front DFC-1A of Office 106 (jamb to jamb between the G/G1 stubs), Central Zone 103 side / Office 106 side + Bulkhead over office front DFC-1A of Office 107 (jamb to jamb between the G/G1 stubs), Waiting 104 (central zone) side / Office 107 side + Bulkhead over office front DFC-1A of Office 108 (jamb to jamb between the G/G1 stubs), Waiting 104 (central zone) side / Office 108 side | B91: AI3-10+AI3-11+AI3-12+AI3-13 | C91: 30 | D91: 6.837 | E91: 4 | F91: 1-5/8" | G91: 16 | H91: 880 | I91: Bulkhead over office front DFC-1A of Office 105 (jamb to jamb between the G/G1 stubs), Central Zone 103 side / Office 105 side + Bulkhead over office front DFC-1A of Office 106 (jamb to jamb between the G/G1 stubs), Central Zone 103 side / Office 106 side + Bulkhead over office front DFC-1A of Office 107 (jamb to jamb between the G/G1 stubs), Waiting 104 (central zone) side / Office 107 side + Bulkhead over office front DFC-1A of Office 108 (jamb to jamb between the G/G1 stubs), Waiting 104 (central zone) side / Office 108 side | J91: 9/A12.01 | K91: [DERIVED]
A92: BULKHEAD-G #AI3-20+AI3-21 - Bulkhead over office front DFC-1A of Office 109 (jamb to jamb between the G/G1 stubs), Waiting 104 (central zone) side / Office 109 side + Bulkhead over office front DFC-1A of Office 110 (jamb to jamb between the G/G1 stubs), Waiting 104 (central zone) side / Office 110 side | B92: AI3-20+AI3-21 | C92: 15 | D92: 7.375 | E92: 4 | F92: 1-5/8" | G92: 16 | H92: 442.48 | I92: Bulkhead over office front DFC-1A of Office 109 (jamb to jamb between the G/G1 stubs), Waiting 104 (central zone) side / Office 109 side + Bulkhead over office front DFC-1A of Office 110 (jamb to jamb between the G/G1 stubs), Waiting 104 (central zone) side / Office 110 side | J92: 9/A12.01 | K92: [DERIVED]
B93: TOTAL - PARTITIONS | C93: =SUM(C5:C92) -> 966.815 | H93: =SUM(H5:H92) -> 16213.22
A95: TYPE OTHER FRAMING (NOT A PARTITION)
A96: grille_head #AACC1-GH1 - Coiling grille door 103 head on grid 4 between the jamb boxes AI2-20 (north) and AI2-21 (south): 24 HR vestibule 101 (W) / central zone 103 (E) | B96: AACC1-GH1 | C96: 13.333 | D96: 2 | E96: 2 | F96: 2-1/2" | G96: 16 | H96: 53.34 | I96: Coiling grille door 103 head on grid 4 between the jamb boxes AI2-20 (north) and AI2-21 (south): 24 HR vestibule 101 (W) / central zone 103 (E) | J96: 4/A08.21 | K96: [DERIVED]
A97: storefront_cripples #AEXT-10 - Framing above SF-N1 (north entrance storefront, vestibule 100), lower piece: HSS lintel to canopy beam | B97: AEXT-10 | C97: 12.563 | D97: 1.556 | E97: 1 | F97: 6" | G97: 16 | H97: 86.37 | I97: Framing above SF-N1 (north entrance storefront, vestibule 100), lower piece: HSS lintel to canopy beam | J97: 2/A09.26 | K97: [DERIVED]
A98: storefront_cripples #AEXT-11 - Framing above SF-N1, upper piece: canopy beam to the perimeter roof beam | B98: AEXT-11 | C98: 12.563 | D98: 2.41 | E98: 0 | F98: 6" | G98: 16 | H98: 0 | I98: Framing above SF-N1, upper piece: canopy beam to the perimeter roof beam | J98: 2/A09.26 | K98: [DERIVED]
A99: storefront_cripples #AEXT-12 - Framing above SF-N2 (central zone 103 storefront, grid 4 to grid 7), lower piece | B99: AEXT-12 | C99: 26.25 | D99: 1.546 | E99: 1 | F99: 6" | G99: 16 | H99: 180.47 | I99: Framing above SF-N2 (central zone 103 storefront, grid 4 to grid 7), lower piece | J99: 2/A09.26 | K99: [DERIVED]
A100: storefront_cripples #AEXT-13 - Framing above SF-N2, upper piece: canopy beam to the W18x35 roof beam | B100: AEXT-13 | C100: 26.25 | D100: 1.671 | E100: 0 | F100: 6" | G100: 16 | H100: 0 | I100: Framing above SF-N2, upper piece: canopy beam to the W18x35 roof beam | J100: 2/A09.26 | K100: [DERIVED]
A101: storefront_cripples #AEXT-14 - Framing above SF-W1 (vestibule 100 west glazing on grid 2), lower piece | B101: AEXT-14 | C101: 6.5 | D101: 1.067 | E101: 1 | F101: 6" | G101: 16 | H101: 44.69 | I101: Framing above SF-W1 (vestibule 100 west glazing on grid 2), lower piece | J101: 2/A09.26 | K101: [DERIVED]
A102: storefront_cripples #AEXT-15 - Framing above SF-W1, upper piece | B102: AEXT-15 | C102: 6.5 | D102: 2.608 | E102: 0 | F102: 6" | G102: 16 | H102: 0 | I102: Framing above SF-W1, upper piece | J102: 2/A09.26 | K102: [DERIVED]
...

Sheet Material Summary
A1: MATERIAL SUMMARY - NET / WASTE / PURCHASE
A2: Waste lives HERE, in its own column, applied ONCE: Pieces = ROUNDUP(Net x (1 + waste) / stock). Every stock length, coverage and yield is an Inputs cell.
A3: Material | B3: Unit | C3: Net | D3: Waste % | E3: Waste | F3: Purchase | G3: Selling unit | H3: Pieces to buy | I3: Where it comes from | J3: Yield check (live formula)
A4: 6" metal stud 600S162-54 / 600S137-33 (exterior CFMF, A5 / B2 / B2K interior) | B4: LF | C4: 4587.69 | D4: =Inputs!$B$5 -> 0.15 | E4: =C4*D4 -> 688.1535 | F4: =C4+E4 -> 5275.8435 | G4: stick 20 ft | H4: =ROUNDUP(F4/Inputs!$B$10,0) -> 264 | I4: familias_out.json '6" stud (all gauges)'; S1.11 note 5, 7/S5.20, 1/A12.01, 4/A12.01
A5: 3-5/8" metal stud 362S137-33 (A1, A1K, B, C1, ceilings, soffits, canopy) | B5: LF | C5: 6879.25 | D5: =Inputs!$B$5 -> 0.15 | E5: =C5*D5 -> 1031.8875 | F5: =C5+E5 -> 7911.1375 | G5: stick 20 ft | H5: =ROUNDUP(F5/Inputs!$B$10,0) -> 396 | I5: familias_out.json '3-5/8" stud (all gauges)'; 7/S5.20, 3/A12.01, 6/A12.01, 7/A09.26
A6: 1-5/8" metal stud (G / G1 double row) | B6: LF | C6: 3983.76 | D6: =Inputs!$B$5 -> 0.15 | E6: =C6*D6 -> 597.564 | F6: =C6+E6 -> 4581.324 | G6: stick 20 ft | H6: =ROUNDUP(F6/Inputs!$B$10,0) -> 230 | I6: familias_out.json '1-5/8" stud'; 5/A12.01, 10/A12.01
A7: 6" parapet stud 600S162-54 (parapet infill, bay by bay) | B7: LF | C7: 1001.58 | D7: =Inputs!$B$5 -> 0.15 | E7: =C7*D7 -> 150.237 | F7: =C7+E7 -> 1151.817 | G7: stick 20 ft | H7: =ROUNDUP(F7/Inputs!$B$10,0) -> 58 | I7: familias_out.json '6" parapet stud'; 11/S5.10, 6/S5.10
A8: Ceiling / soffit track 3-5/8" (ceiling perimeter, soffits, transitions, canopy joists, fascia) | B8: LF | C8: 1254.43 | D8: =Inputs!$B$5 -> 0.15 | E8: =C8*D8 -> 188.1645 | F8: =C8+E8 -> 1442.5945 | G8: stick 20 ft | H8: =ROUNDUP(F8/Inputs!$B$10,0) -> 73 | I8: familias_out.json 'ceiling / soffit track'; 7/A09.33, 8/A09.33, 10/A09.33, 7/A09.26
A9: Bracing 1-1/2" C.R. channel @ 48" O.C. | B9: LF | C9: 2463.62 | D9: =Inputs!$B$5 -> 0.15 | E9: =C9*D9 -> 369.543 | F9: =C9+E9 -> 2833.163 | G9: C.R. channel 16 ft | H9: =ROUNDUP(F9/Inputs!$B$16,0) -> 178 | I9: familias_out.json 'bracing C.R. channel'; F/1/S5.20
A10: Purlin 1x1x1 16 ga (top track to deck parallel to flute) | B10: LF | C10: 202.03 | D10: =Inputs!$B$5 -> 0.15 | E10: =C10*D10 -> 30.3045 | F10: =C10+E10 -> 232.3345 | G10: run 10 ft | H10: =ROUNDUP(F10/Inputs!$B$11,0) -> 24 | I10: familias_out.json 'purlin (track to deck)'; 10/A09.33, 8/A09.33
A11: Header / box beam (metal stud, by pieces) | B11: LF | C11: 792.29 | D11: =Inputs!$B$5 -> 0.15 | E11: =C11*D11 -> 118.8435 | F11: =C11+E11 -> 911.1335 | G11: stick 20 ft | H11: =ROUNDUP(F11/Inputs!$B$10,0) -> 46 | I11: familias_out.json 'header / box beam'; 7/S5.20, 2/S5.20, 11/A09.27, 6/A08.11, 4/A08.21, 8/A12.01, 4/A12.10
A12: Sill track (double over 4'-0") | B12: LF | C12: 119.12 | D12: =Inputs!$B$5 -> 0.15 | E12: =C12*D12 -> 17.868 | F12: =C12+E12 -> 136.988 | G12: run 10 ft | H12: =ROUNDUP(F12/Inputs!$B$11,0) -> 14 | I12: familias_out.json 'sill track'; 2/S5.20
A13: Furring channel 7/8" (suspended GWB ceilings) | B13: LF | C13: 777.07 | D13: =Inputs!$B$5 -> 0.15 | E13: =C13*D13 -> 116.5605 | F13: =C13+E13 -> 893.6305 | G13: hat channel 12 ft | H13: =ROUNDUP(F13/Inputs!$B$17,0) -> 75 | I13: familias_out.json 'furring channel'; A04.01; RFI-ARCP-03
A14: Carrying channel 1-1/2" C.R. (suspended GWB ceilings) | B14: LF | C14: 324.17 | D14: =Inputs!$B$5 -> 0.15 | E14: =C14*D14 -> 48.6255 | F14: =C14+E14 -> 372.7955 | G14: C.R. channel 16 ft | H14: =ROUNDUP(F14/Inputs!$B$16,0) -> 24 | I14: familias_out.json 'carrying channel'; A04.01; RFI-ARCP-03
A15: Hanger wire 12 ga (height per room) | B15: LF | C15: 533.62 | D15: =Inputs!$B$5 -> 0.15 | E15: =C15*D15 -> 80.043 | F15: =C15+E15 -> 613.663 | G15: continuous coil (LF) | H15: =ROUNDUP(F15,0) -> 614 | I15: familias_out.json 'hanger wire'; A04.01, S2.20
A16: 5/8" gypsum board regular (walls + ceilings) | B16: SF | C16: 17713.32 | D16: =Inputs!$B$6 -> 0.06 | E16: =C16*D16 -> 1062.7992 | F16: =C16+E16 -> 18776.119 | G16: 4x12 sheet | H16: =ROUNDUP(F16/Inputs!$B$9,0) -> 392 | I16: familias_out.json '5/8" gyp board regular (walls + ceilings)'; A12.01, A04.01
A17: 5/8" moisture resistant gypsum board (behind toilet / lavatory) | B17: SF | C17: 261.74 | D17: =Inputs!$B$6 -> 0.06 | E17: =C17*D17 -> 15.7044 | F17: =C17+E17 -> 277.4444 | G17: 4x12 sheet | H17: =ROUNDUP(F17/Inputs!$B$9,0) -> 6 | I17: familias_out.json '5/8" gyp MOISTURE RESISTANT'; note F/A08.01
A18: Ballistic panel 3/8" UL752 Level 2 fiberglass (customer side to 8'-0") | B18: SF | C18: 82.32 | D18: =Inputs!$B$6 -> 0.06 | E18: =C18*D18 -> 4.9392 | F18: =C18+E18 -> 87.2592 | G18: 4x8 sheet | H18: =ROUNDUP(F18/32,0) -> 3 | I18: familias_out.json 'ballistic panel'; 4/A12.01
A19: 3/8" gypsum board (above the ballistic panel to structure) | B19: SF | C19: 63.92 | D19: =Inputs!$B$6 -> 0.06 | E19: =C19*D19 -> 3.8352 | F19: =C19+E19 -> 67.7552 | G19: 4x8 sheet | H19: =ROUNDUP(F19/32,0) -> 3 | I19: familias_out.json '3/8" gyp board'; 4/A12.01
A20: 5/8" glass mat sheathing (base and canopy bands) | B20: SF | C20: 477.95 | D20: =Inputs!$B$6 -> 0.06 | E20: =C20*D20 -> 28.677 | F20: =C20+E20 -> 506.627 | G20: 4x8 sheet | H20: =ROUNDUP(F20/32,0) -> 16 | I20: familias_out.json '5/8" glass mat sheathing'; 5/A09.26, 9/A09.27, 7/A09.26, 3/A09.26
A21: 5/8" exterior gypsum sheathing (parapet roof side) | B21: SF | C21: 935.76 | D21: =Inputs!$B$6 -> 0.06 | E21: =C21*D21 -> 56.1456 | F21: =C21+E21 -> 991.9056 | G21: 4x8 sheet | H21: =ROUNDUP(F21/32,0) -> 31 | I21: familias_out.json '5/8" EXTERIOR gyp sheathing'; A/A09.21, 4/A09.26; RFI-FAC-8
A22: FRT blocking (labeled FRT / FRTW / plywood) | B22: LF | C22: 1049.55 | D22: =Inputs!$B$6 -> 0.06 | E22: =C22*D22 -> 62.973 | F22: =C22+E22 -> 1112.523 | H22: =ROUNDUP(F22,0) -> 1113 | I22: familias_out.json 'FRT blocking'; 4/A09.26, 8/A12.01, 13/A12.02, 3/A08.21
A23: Metal stud blocking 362CR / stud blocking | B23: LF | C23: 722.33 | D23: =Inputs!$B$5 -> 0.15 | E23: =C23*D23 -> 108.3495 | F23: =C23+E23 -> 830.6795 | G23: stick 20 ft | H23: =ROUNDUP(F23/Inputs!$B$10,0) -> 42 | I23: familias_out.json 'metal stud blocking (362CR / STUD BLOCKING)'; 4/S5.20, note C/A02.01
A24: Metal trim - corner bead, casing bead, shadow molding, edge trim | B24: LF | C24: 1107.75 | D24: =Inputs!$B$5 -> 0.15 | E24: =C24*D24 -> 166.1625 | F24: =C24+E24 -> 1273.9125 | G24: trim stick 10 ft | H24: =ROUNDUP(F24/Inputs!$B$18,0) -> 128 | I24: familias_out.json 'metal trim (corner bead, casing, shadow molding)'; 7/A09.33, 8/A09.33, 9/A12.01, 10/A12.01
A25: Cement board (tile cove base) | B25: SF | C25: 31.8 | D25: =Inputs!$B$6 -> 0.06 | E25: =C25*D25 -> 1.908 | F25: =C25+E25 -> 33.708 | G25: 3x5 sheet | H25: =ROUNDUP(F25/15,0) -> 3 | I25: familias_out.json 'cement board'; A08.01
A26: FRP panel (restrooms to 5'-0", mop sink) | B26: SF | C26: 334 | D26: =Inputs!$B$6 -> 0.06 | E26: =C26*D26 -> 20.04 | F26: =C26+E26 -> 354.04 | G26: 4x10 sheet | H26: =ROUNDUP(F26/40,0) -> 9 | I26: familias_out.json 'FRP'; A/A08.01, 8/A08.01, 5/A08.01
A27: Acoustical sealant (partition top / bottom beads per type detail) | B27: LF | C27: 1173.93 | D27: =Inputs!$B$6 -> 0.06 | E27: =C27*D27 -> 70.4358 | F27: =C27+E27 -> 1244.3658 | G27: tube (25 LF per tube) | H27: =ROUNDUP(F27/Inputs!$B$15,0) -> 50 | I27: familias_out.json 'acoustical sealant'; A12.01 details
A28: Framed openings MEP (recessed fixtures, slot diffusers, access panel) - 3-5/8" stud | B28: LF | C28: 940.27 | D28: =Inputs!$B$5 -> 0.15 | E28: =C28*D28 -> 141.0405 | F28: =C28+E28 -> 1081.3105 | G28: stick 20 ft | H28: =ROUNDUP(F28/Inputs!$B$10,0) -> 55 | I28: framed_openings_out.json 'framed openings MEP'; E02.01, E00.01, M01.01, A04.01
A29: Bottom track 6" 54 mil 600T125-54 (exterior CFMF) | B29: LF | C29: 215.61 | D29: =Inputs!$B$5 -> 0.15 | E29: =C29*D29 -> 32.3415 | F29: =C29+E29 -> 247.9515 | G29: stick 20 ft | H29: =ROUNDUP(F29/Inputs!$B$10,0) -> 13 | I29: track_por_tamano.py (familias_out.json bottom / top family 1393.33 LF) walls 6" 54 mil
A30: Bottom track 6" 600T125-33 (B2, gauge per 7/S5.20) | B30: LF | C30: 44.67 | D30: =Inputs!$B$5 -> 0.15 | E30: =C30*D30 -> 6.7005 | F30: =C30+E30 -> 51.3705 | G30: run 10 ft | H30: =ROUNDUP(F30/Inputs!$B$11,0) -> 6 | I30: track_por_tamano.py (familias_out.json bottom / top family 1393.33 LF) walls 6"
A31: Bottom track 3-5/8" 362T125-33 (A1, B, C1) | B31: LF | C31: 147.06 | D31: =Inputs!$B$5 -> 0.15 | E31: =C31*D31 -> 22.059 | F31: =C31+E31 -> 169.119 | G31: run 10 ft | H31: =ROUNDUP(F31/Inputs!$B$11,0) -> 17 | I31: track_por_tamano.py (familias_out.json bottom / top family 1393.33 LF) walls 3-5/8"
A32: Bottom track 3-5/8" 33 mil 362T125-33 (A1, A5 group) | B32: LF | C32: 90.88 | D32: =Inputs!$B$5 -> 0.15 | E32: =C32*D32 -> 13.632 | F32: =C32+E32 -> 104.512 | G32: run 10 ft | H32: =ROUNDUP(F32/Inputs!$B$11,0) -> 11 | I32: track_por_tamano.py (familias_out.json bottom / top family 1393.33 LF) walls 3-5/8" 33 mil
A33: Bottom track 6" 33 mil 600T125-33 (A5) | B33: LF | C33: 42.23 | D33: =Inputs!$B$5 -> 0.15 | E33: =C33*D33 -> 6.3345 | F33: =C33+E33 -> 48.5645 | G33: run 10 ft | H33: =ROUNDUP(F33/Inputs!$B$11,0) -> 5 | I33: track_por_tamano.py (familias_out.json bottom / top family 1393.33 LF) walls 6" 33 mil
A34: Bottom track 3-5/8" 14 GA 362T 14 ga (A1K, 4/A12.01) | B34: LF | C34: 8.6 | D34: =Inputs!$B$5 -> 0.15 | E34: =C34*D34 -> 1.29 | F34: =C34+E34 -> 9.89 | G34: run 10 ft | H34: =ROUNDUP(F34/Inputs!$B$11,0) -> 1 | I34: track_por_tamano.py (familias_out.json bottom / top family 1393.33 LF) walls 3-5/8" 14 GA
A35: Bottom track 6" 14 GA 600T 14 ga (B2K, 4/A12.01) | B35: LF | C35: 2.21 | D35: =Inputs!$B$5 -> 0.15 | E35: =C35*D35 -> 0.3315 | F35: =C35+E35 -> 2.5415 | G35: run 10 ft | H35: =ROUNDUP(F35/Inputs!$B$11,0) -> 1 | I35: track_por_tamano.py (familias_out.json bottom / top family 1393.33 LF) walls 6" 14 GA
A36: Bottom track 1-5/8" 162T (G / G1 double row) | B36: LF | C36: 291.43 | D36: =Inputs!$B$5 -> 0.15 | E36: =C36*D36 -> 43.7145 | F36: =C36+E36 -> 335.1445 | G36: run 10 ft | H36: =ROUNDUP(F36/Inputs!$B$11,0) -> 34 | I36: track_por_tamano.py (familias_out.json bottom / top family 1393.33 LF) walls 1-5/8"
A37: Bottom track 2-1/2" - grille head | B37: LF | C37: 13.33 | D37: =Inputs!$B$5 -> 0.15 | E37: =C37*D37 -> 1.9995 | F37: =C37+E37 -> 15.3295 | G37: run 10 ft | H37: =ROUNDUP(F37/Inputs!$B$11,0) -> 2 | I37: corridas_out.json element grille_head (4/A08.21)
A38: Bottom track 6" 54 mil - parapet | B38: LF | C38: 269.84 | D38: =Inputs!$B$5 -> 0.15 | E38: =C38*D38 -> 40.476 | F38: =C38+E38 -> 310.316 | G38: run 10 ft | H38: =ROUNDUP(F38/Inputs!$B$11,0) -> 32 | I38: corridas_out.json element parapet (11/S5.10)
A39: Bottom track 3-5/8" - roof step | B39: LF | C39: 154.77 | D39: =Inputs!$B$5 -> 0.15 | E39: =C39*D39 -> 23.2155 | F39: =C39+E39 -> 177.9855 | G39: run 10 ft | H39: =ROUNDUP(F39/Inputs!$B$11,0) -> 18 | I39: corridas_out.json element roof_step (4/A02.02)
A40: Bottom track 6" - storefront cripples | B40: LF | C40: 90.62 | D40: =Inputs!$B$5 -> 0.15 | E40: =C40*D40 -> 13.593 | F40: =C40+E40 -> 104.213 | G40: run 10 ft | H40: =ROUNDUP(F40/Inputs!$B$11,0) -> 11 | I40: corridas_out.json element storefront_cripples (2/A09.26)
A41: Bottom track 3-5/8" - vestibule head | B41: LF | C41: 22.07 | D41: =Inputs!$B$5 -> 0.15 | E41: =C41*D41 -> 3.3105 | F41: =C41+E41 -> 25.3805 | G41: run 10 ft | H41: =ROUNDUP(F41/Inputs!$B$11,0) -> 3 | I41: corridas_out.json element vestibule_head (4/A12.10)
A42: Top / deflection track 6" 54 mil 600T125-54 (exterior CFMF) | B42: LF | C42: 215.61 | D42: =Inputs!$B$5 -> 0.15 | E42: =C42*D42 -> 32.3415 | F42: =C42+E42 -> 247.9515 | G42: stick 20 ft | H42: =ROUNDUP(F42/Inputs!$B$10,0) -> 13 | I42: track_por_tamano.py (familias_out.json bottom / top family 1393.33 LF) walls 6" 54 mil
A43: Top / deflection track 6" 600T125-33 (B2, gauge per 7/S5.20) | B43: LF | C43: 44.67 | D43: =Inputs!$B$5 -> 0.15 | E43: =C43*D43 -> 6.7005 | F43: =C43+E43 -> 51.3705 | G43: run 10 ft | H43: =ROUNDUP(F43/Inputs!$B$11,0) -> 6 | I43: track_por_tamano.py (familias_out.json bottom / top family 1393.33 LF) walls 6"
A44: Top / deflection track 3-5/8" 362T125-33 (A1, B, C1) | B44: LF | C44: 147.06 | D44: =Inputs!$B$5 -> 0.15 | E44: =C44*D44 -> 22.059 | F44: =C44+E44 -> 169.119 | G44: run 10 ft | H44: =ROUNDUP(F44/Inputs!$B$11,0) -> 17 | I44: track_por_tamano.py (familias_out.json bottom / top family 1393.33 LF) walls 3-5/8"
A45: Top / deflection track 3-5/8" 33 mil 362T125-33 (A1, A5 group) | B45: LF | C45: 90.88 | D45: =Inputs!$B$5 -> 0.15 | E45: =C45*D45 -> 13.632 | F45: =C45+E45 -> 104.512 | G45: run 10 ft | H45: =ROUNDUP(F45/Inputs!$B$11,0) -> 11 | I45: track_por_tamano.py (familias_out.json bottom / top family 1393.33 LF) walls 3-5/8" 33 mil
A46: Top / deflection track 6" 33 mil 600T125-33 (A5) | B46: LF | C46: 42.23 | D46: =Inputs!$B$5 -> 0.15 | E46: =C46*D46 -> 6.3345 | F46: =C46+E46 -> 48.5645 | G46: run 10 ft | H46: =ROUNDUP(F46/Inputs!$B$11,0) -> 5 | I46: track_por_tamano.py (familias_out.json bottom / top family 1393.33 LF) walls 6" 33 mil
A47: Top / deflection track 3-5/8" 14 GA 362T 14 ga (A1K, 4/A12.01) | B47: LF | C47: 8.6 | D47: =Inputs!$B$5 -> 0.15 | E47: =C47*D47 -> 1.29 | F47: =C47+E47 -> 9.89 | G47: run 10 ft | H47: =ROUNDUP(F47/Inputs!$B$11,0) -> 1 | I47: track_por_tamano.py (familias_out.json bottom / top family 1393.33 LF) walls 3-5/8" 14 GA
A48: Top / deflection track 6" 14 GA 600T 14 ga (B2K, 4/A12.01) | B48: LF | C48: 2.21 | D48: =Inputs!$B$5 -> 0.15 | E48: =C48*D48 -> 0.3315 | F48: =C48+E48 -> 2.5415 | G48: run 10 ft | H48: =ROUNDUP(F48/Inputs!$B$11,0) -> 1 | I48: track_por_tamano.py (familias_out.json bottom / top family 1393.33 LF) walls 6" 14 GA
A49: Top / deflection track 1-5/8" 162T (G / G1 double row) | B49: LF | C49: 291.43 | D49: =Inputs!$B$5 -> 0.15 | E49: =C49*D49 -> 43.7145 | F49: =C49+E49 -> 335.1445 | G49: run 10 ft | H49: =ROUNDUP(F49/Inputs!$B$11,0) -> 34 | I49: track_por_tamano.py (familias_out.json bottom / top family 1393.33 LF) walls 1-5/8"
A50: Top / deflection track 2-1/2" - grille head | B50: LF | C50: 13.33 | D50: =Inputs!$B$5 -> 0.15 | E50: =C50*D50 -> 1.9995 | F50: =C50+E50 -> 15.3295 | G50: run 10 ft | H50: =ROUNDUP(F50/Inputs!$B$11,0) -> 2 | I50: corridas_out.json element grille_head (4/A08.21)
A51: Top / deflection track 6" 54 mil - parapet | B51: LF | C51: 269.84 | D51: =Inputs!$B$5 -> 0.15 | E51: =C51*D51 -> 40.476 | F51: =C51+E51 -> 310.316 | G51: run 10 ft | H51: =ROUNDUP(F51/Inputs!$B$11,0) -> 32 | I51: corridas_out.json element parapet (11/S5.10)
A52: Top / deflection track 3-5/8" - roof step | B52: LF | C52: 154.77 | D52: =Inputs!$B$5 -> 0.15 | E52: =C52*D52 -> 23.2155 | F52: =C52+E52 -> 177.9855 | G52: run 10 ft | H52: =ROUNDUP(F52/Inputs!$B$11,0) -> 18 | I52: corridas_out.json element roof_step (4/A02.02)
A53: Top / deflection track 6" - storefront cripples | B53: LF | C53: 90.62 | D53: =Inputs!$B$5 -> 0.15 | E53: =C53*D53 -> 13.593 | F53: =C53+E53 -> 104.213 | G53: run 10 ft | H53: =ROUNDUP(F53/Inputs!$B$11,0) -> 11 | I53: corridas_out.json element storefront_cripples (2/A09.26)
A54: Top / deflection track 3-5/8" - vestibule head | B54: LF | C54: 22.07 | D54: =Inputs!$B$5 -> 0.15 | E54: =C54*D54 -> 3.3105 | F54: =C54+E54 -> 25.3805 | G54: run 10 ft | H54: =ROUNDUP(F54/Inputs!$B$11,0) -> 3 | I54: corridas_out.json element vestibule_head (4/A12.10)
A55: 5/8" exterior grade FRT plywood (canopy soffits, fascia, column wraps) | B55: SF | C55: 2154.14 | D55: =Inputs!$B$6 -> 0.06 | E55: =C55*D55 -> 129.2484 | F55: =C55+E55 -> 2283.3884 | G55: 4x12 ft sheet (Inputs) | H55: =ROUNDUP(F55/Inputs!$B$9,0) -> 48 | I55: familias_out.json FRT plywood by material; 2/A09.26; 10/A09.27; 11/A09.27; 7/A09.26; 5/A09.25
A56: 5/8" FRT plywood bonded to 2-1/2" polyiso (exterior sheathing / nailbase) | B56: SF | C56: 3955.15 | D56: =Inputs!$B$6 -> 0.06 | E56: =C56*D56 -> 237.309 | F56: =C56+E56 -> 4192.459 | G56: 4x12 ft sheet (Inputs) | H56: =ROUNDUP(F56/Inputs!$B$9,0) -> 88 | I56: familias_out.json FRT plywood by material; 2/A09.26; 10/A09.27; 11/A09.27; 7/A09.26; 5/A09.25
A57: 3/4" FRT plywood | B57: SF | C57: 277.13 | D57: =Inputs!$B$6 -> 0.06 | E57: =C57*D57 -> 16.6278 | F57: =C57+E57 -> 293.7578 | G57: 4x12 ft sheet (Inputs) | H57: =ROUNDUP(F57/Inputs!$B$9,0) -> 7 | I57: familias_out.json FRT plywood by material; 2/A09.26; 10/A09.27; 11/A09.27; 7/A09.26; 5/A09.25
A58: Sealant at base of gypsum (exterior, not acoustical) | B58: LF | C58: 209.11 | D58: =Inputs!$B$6 -> 0.06 | E58: =C58*D58 -> 12.5466 | F58: =C58+E58 -> 221.6566 | G58: tube (25 LF per tube) | H58: =ROUNDUP(F58/Inputs!$B$15,0) -> 9 | I58: familias_out.json acoustical sealant rows 'base of gypsum (exterior)'
A59: Hanger wire 12 ga - hanger count (one per hanger, height per room) | B59: PCS | C59: 113 | D59: 0 | E59: =C59*D59 -> 0 | F59: =C59+E59 -> 113 | H59: =ROUNDUP(F59,0) -> 113 | I59: familias_out.json hanger_pcs.total_pcs; wire bought on the LF row
A60: Additional head track at openings over 4'-0" wide | B60: LF | C60: 56 | D60: =Inputs!$B$5 -> 0.15 | E60: =C60*D60 -> 8.4 | F60: =C60+E60 -> 64.4 | G60: run 10 ft | H60: =ROUNDUP(F60/Inputs!$B$11,0) -> 7 | I60: accesorios.py [CRITERION]: HEAD TRACK @ NON LOAD BRG: ADD FULL LENGTH ADDL HEAD TRACK @ OPNG > 4'-0"; Estimator user decision #1: R.O. + 1'-4" (8" bearing each side)
A61: Stud reinforcement at MEP penetrations | B61: PCS | C61: 71 | D61: 0 | E61: =C61*D61 -> 0 | F61: =C61+E61 -> 71 | G61: each | H61: =ROUNDUP(F61,0) -> 71 | I61: accesorios.py [CRITERION]: 6/S5.20; M01.01 grille tag '14x14' + 'FD' (FD = FIRE DAMPER, M00.01 abbreviations); 6/S5.20; M01.01 grille tag '12x8' + 'FD' (FD = FIRE DAMPER, M00.01 abbreviations); 6/S5.20; M01.01 grille tag '12x12' + 'FD' (FD = FIRE DAMPER, M00.01 abbre
A62: Extra framing - sistered stud and furring at the ATM recess | B62: LF | C62: 18 | D62: =Inputs!$B$5 -> 0.15 | E62: =C62*D62 -> 2.7 | F62: =C62+E62 -> 20.7 | G62: stick 20 ft | H62: =ROUNDUP(F62/Inputs!$B$10,0) -> 2 | I62: accesorios.py [CRITERION]: 6/A08.11 sistered 2 1/2" studs; 4/A08.11
A63: 2-1/2" CFMF @ 16" O.C. at coiling grille head (4/A08.21) | B63: LF | C63: 10.43 | D63: =Inputs!$B$5 -> 0.15 | E63: =C63*D63 -> 1.5645 | F63: =C63+E63 -> 11.9945 | G63: stick 20 ft | H63: =ROUNDUP(F63/Inputs!$B$10,0) -> 1 | I63: accesorios.py [DERIVED]: 4/A08.21 COILING GRILLE HEAD DETAIL: two '6" CFMF BOX BEAM HEADER' (vector 54 pt = 6" at 1 1/2"=1'-0"), '2 1/2" CFMF @ 16" O.C.' between, '5/8" GYP. BD., TYP.'
A64: Gypsum board jamb return at openings | B64: SF | C64: 67.16 | D64: =Inputs!$B$6 -> 0.06 | E64: =C64*D64 -> 4.0296 | F64: =C64+E64 -> 71.1896 | G64: 4x12 ft sheet (Inputs) | H64: =ROUNDUP(F64/Inputs!$B$9,0) -> 2 | I64: accesorios.py [CRITERION]: Estimator criterion (return width = 6" stud depth, not dimensioned; RFI with delta at 0.20 ft)
A65: PVC trim - edge trim molding and inside corner molding at the FRP | B65: LF | C65: 213.2 | D65: =Inputs!$B$6 -> 0.06 | E65: =C65*D65 -> 12.792 | F65: =C65+E65 -> 225.992 | G65: trim stick 10 ft | H65: =ROUNDUP(F65/Inputs!$B$18,0) -> 23 | I65: accesorios.py [DERIVED]: RESTROOM ELEVATIONS A-D/A08.01 '5'-0" TO TOP OF FRP' (WC-3 FRP, A00.40); A02.01 / 1/A08.01 rectangle; A05.01 finish key note 6 'FRP FROM FLOOR TO 4'-0" AFF, WIDTH TO MATCH WIDTH OF MOP SINK AT BOTH SIDES' + 5/A08.01; width 2'-0" from P00.01
A66: Power-driven fasteners and duct sleeves | B66: PCS | C66: 316 | D66: 0 | E66: =C66*D66 -> 0 | F66: =C66+E66 -> 316 | G66: each | H66: =ROUNDUP(F66,0) -> 316 | I66: accesorios.py [DERIVED]: Parapet infill: PAFs SPACED AT 12" O.C. MAX to the steel beam; 6/S5.20; M01.01 (registered to A02.01, dx -572.0 / dy 22.0 pt) 10"x12" duct over the vestibule east glass head; pair 15 pt = 10"; 6/S5.20; M01.01 (registered to A02.01, dx -572.
A67: Access panel 2'x2' | B67: PCS | C67: 1 | D67: 0 | E67: =C67*D67 -> 0 | F67: =C67+E67 -> 1 | G67: each | H67: =ROUNDUP(F67,0) -> 1 | I67: accesorios.py [CONFIRMED]: A04.01 RCP key note 4 '2' X 2' LOCKING ACCESS PANEL. KEYED TO MATCH MAIN ENTRY.' (one marker, vestibule 100 GB 10'-0")
A68: Drywall screws 1-1/4" bugle head | B68: PCS | C68: 21646.78 | D68: 0 | E68: =C68*D68 -> 0 | F68: =C68+E68 -> 21646.78 | G68: each | H68: =ROUNDUP(F68,0) -> 21647 | I68: accesorios.py [DERIVED]: Inputs!B20 (Drywall screws per SF of board = 1.2) x 18039 SF of board | J68: =Inputs!$B$20*18039 -> 21646.8
A69: Framing screws, pan head self-drilling | B69: PCS | C69: 7260 | D69: 0 | E69: =C69*D69 -> 0 | F69: =C69+E69 -> 7260 | G69: each | H69: =ROUNDUP(F69,0) -> 7260 | I69: accesorios.py [DERIVED]: Inputs!B21 (Framing screws per stud piece = 4) x 1815 stud pieces | J69: =Inputs!$B$21*1815 -> 7260
A70: Power-driven fasteners, slab pins for the bottom track | B70: PCS | C70: 530.81 | D70: 0 | E70: =C70*D70 -> 0 | F70: =C70+E70 -> 530.81 | G70: each | H70: =ROUNDUP(F70,0) -> 531 | I70: accesorios.py [DERIVED]: 530.81 LF of interior bottom track on slab / Inputs!B22 (Power-driven pin spacing (ft) = 1) | J70: =530.81/Inputs!$B$22 -> 530.81
A71: Expansion anchors Hilti 1/4" Kwik Bolt II, exterior bottom track @ 8" O.C. | B71: PCS | C71: 332.83 | D71: 0 | E71: =C71*D71 -> 0 | F71: =C71+E71 -> 332.83 | G71: each | H71: =ROUNDUP(F71,0) -> 333 | I71: accesorios.py [DERIVED]: 221.88 LF of exterior bottom track on slab / Inputs!B25 (Expansion anchor spacing (ft) = 0.6667) | J71: =221.88/Inputs!$B$25 -> 332.80336
A72: Joint compound, all purpose | B72: LB | C72: 1298.81 | D72: 0 | E72: =C72*D72 -> 0 | F72: =C72+E72 -> 1298.81 | G72: lb | H72: =ROUNDUP(F72,0) -> 1299 | I72: accesorios.py [DERIVED]: Inputs!B23 (Joint compound (lb per SF) = 0.072) x 18039 SF of board | J72: =Inputs!$B$23*18039 -> 1298.808
A73: Joint tape, paper | B73: LF | C73: 6674.42 | D73: 0 | E73: =C73*D73 -> 0 | F73: =C73+E73 -> 6674.42 | G73: LF | H73: =ROUNDUP(F73,0) -> 6675 | I73: accesorios.py [DERIVED]: Inputs!B24 (Joint tape (LF per SF) = 0.37) x 18039 SF of board | J73: =Inputs!$B$24*18039 -> 6674.43
A74: Level 5 finish | B74: SF | C74: 712.88 | D74: =Inputs!$B$6 -> 0.06 | E74: =C74*D74 -> 42.7728 | F74: =C74+E74 -> 755.6528 | G74: SF | H74: =ROUNDUP(F74,0) -> 756 | I74: accesorios.py [DERIVED]: A00.40 WC-18 'WALL SURFACE TO BE LEVEL 5' + A05.01 WC-18 tag; L = 1/A11.04 '11'-9 1/4" V.I.F.'; h = office ACT 9'-0" (A04.01; elevation WC-18 324 pt / 36 = 9.0); A00.40 WC-18 'WALL SURFACE TO BE LEVEL 5' + A05.01 WC-18 tag; L = 6/A11.01 '11

Sheet Pending Items
A1: RFI | B1: Question / condition | C1: Delta of each alternative
A2: RFI-ACC-additional-head-track | B2: additional head track: openings with their own box (openings_extra) > 4'-0": do they also take the additional head track of 2/S5.20? | C2: 100.55 lf
A3: RFI-ACC-gypsum-board-jamb-return | B3: gypsum board jamb return: jamb return width not dimensioned | C3: -40.29 sf
A4: RFI-ACC-slab-pins | B4: slab pins: pin spacing: 12" (interior anchorage) vs 16" (fastener schedule) vs 24" (type K box) | C4: 16in: -132.7 pcs; 24in: -265.4 pcs
A5: RFI-ACC-extra-framing-atm | B5: extra framing ATM: 6/A08.11 does not dimension the sistered stud count nor the furring rows; furring under the fiber cement panel taken as cladding (excluded) | C5: +2.208 LF per furring row; +6.0 LF per extra sistered stud
A6: RFI-ACC-access-panel | B6: access panel: M00.01 general note 16 and P00.01 require access panels for dampers / valves requiring access above ceilings; none is located over a GB ceiling on the M/P plans (only A04.01 key note 4) | C6: +1 pcs per device found above GB ceilings (vestibules 100/101, waiting 104, restrooms 113/114, CSR soffit)
A7: RFI-ACC-level-5-finish | B7: Level 5 finish: A05.01 key note 9 asks Level 5 for wallcovering WC-20, but no WC-20 tag exists on A05.01 nor a WC-20 row in the A00.40 legend | C7: + L x (H - base) of the WC-20 wall if it exists (unknown)
A8: RFI-ACC-pvc-trim-at-frp | B8: PVC trim at FRP: restrooms 113/114 taken as rectangles; the chase-end hand dryer niche (TA-13) may add 2 inside + 2 outside corners per room; mop sink width from the plumbing model (TSH-24), not printed on A08.01 | C8: +2 x 5.0 = +10 LF per room if the niche is lined with FRP
A9: RFI-ACC-2-1-2-cfmf-coiling-grill | B9: 2-1/2" CFMF coiling grille head: A00.30 door 103 HEIGHT 13'-6 1/2" vs 4/A08.21: framed head taken = 6" + 1'-6" between the two box beams; the 2'-4 1/2" link above is the vendor spool zone | C9: if the 2'-4 1/2" zone were framed: +11 studs x 2.375 = +26.1 LF
A10: RFI-01 | B10: Elevation titles A09.01 'SOUTH' / A09.02 'NORTH' are transposed against the A02.01 north arrow (R71.1); facade letters follow the arrow. | C10: n/a: no quantity delta
A11: RFI-02 | B11: Storefront heads SF-N1 / SF-N2 / SF-W1 carry HSS9x5x5/8 lintels (S2.20, 2/A09.26 STEEL HEADER FRAMING) -> 0 metal stud header (E16). Is a CFS box required under the HSS? | C11: +197.24 LF 6" box header (55.58 + 110.33 + 31.33)
A12: RFI-03 | B12: Interior HM door R.O. = 3'-4" sits exactly on the SINGLE / DOUBLE TRACK boundary of 7/S5.20. | C12: +60.67 LF 18 ga track if DOUBLE
... A56: RFI-40 | B56: Parapet grid G and grid 4 return: reading A 16.686 / 4.092 ft vs reading B 16.20 / 3.927 ft (A kept, more material); the return may stop at grid F. | C56: -0.65 LF parapet run (-2.9 LF more if the return stops at F)

Sheet Review Items
A1: # | B1: Item | C1: Sheet + detail | D1: Image
A2: 1 | B2: Tag inventory (Stage 1): 49 partition tags counted on A02.01 (A1 10, A1K 3, A5 4, B 6, B2 6, C1 8, F 1, G 9, G1 2) + B2K (out of schedule) + PA0034 'B' accepted; please confirm the list (inventario.md, one circled image per tag). | C2: A02.01 | D2: 1_inventario/recortes/OVERVIEW_A02.01_p24.png
A3: 2 | B3: Double reading: 49 walls matched, 15 differed, 13 only in A, 11 only in B; 35 decided with image, 4 parapet items left to the estimator (see resolucion.md). | C3: A02.01 | D3: 3_revision/img
A4: 3 | B4: Parapet grid G and grid 4 return lengths: estimator to choose A or B (RFI-40). | C4: 11/S5.10 | D4: 3_revision/img/R32_parapet_BEXT-16_A02.01_p24.png
A5: 4 | B5: Drinking-fountain alcove walls (RES-01, 7.487 LF A1 untagged) were missed by both readings and added at Stage 3. | C5: 3/A12.01 | D5: 3_revision/img
A6: 5 | B6: Exterior corners closed on the reading A band thickness (vertical walls own the corners, R70.2): exterior LF 215.61 vs reading B 189.29 + piers. | C6: A/A09.21 | D6: 4_canon/conciliacion_log.md
A7: 6 | B7: Face segments short at T-joints were extended behind the abutting partitions (board continuous to deck); 23 walls (conciliacion_log.md). | C7: A/A09.21 | D7: 4_canon/conciliacion_log.md
A8: 7 | B8: C1 monitor furring end returns (2 x 0.667 ft x 15.375 ft) are carried as RES-04 / RES-05 records; board_caras takes faces only on sides A/B (tool gap proposal in PARA REVISAR). | C8: 6/A12.01 | D8: 3_revision/img
A9: 8 | B9: Walls partly under a beam (AI2-11, AI2-12, AI3-06, AI3-14) keep the deck height; split at the beam end if wanted. | C9: S2.20 | D9: 2_lectura/trabajo_A/ANODOS/img
A10: 9 | B10: Grille head bottom soffit board (11.1 SF, 4/A08.21) and the 5" bottom return of 7/A09.33 transitions are not in the faces model (tool gap). | C10: 4/A08.21 | D10: 2_lectura/trabajo_A/AACC1/img
A11: 11 | B11: Adversarial back-check: 11 findings accepted and applied (ADV1-F1/F2, ADV2-F1/F2, ADV3-G1/G2/G4/G6), 6 left as RFIs (RFI-41 to RFI-47), 1 rejected as against a rule (ADV2-F3 west glass mat, canon v63 rule; RFI-16 stays). See Back-check folder. | C11: A02.02 | D11: backcheck/img
A12: 10 | B12: MEP registration: mep.py registro fails on P01.01 / P01.02 (offset MediaBox) and E02.01 (thin background); the sweep used in-run scripts with the same rules (tool gap proposal). | C12: M01.01 | D12: 2_lectura/trabajo_A/AACC2/img

Sheet Scope Checklist
A1: Scope ID | B1: Scope | C1: Status | D1: Note (quantity, NOT APPLICABLE + sheet, or RFI)
A2: ALC-01 | B2: Interior partition framing (studs + tracks) | C2: QUANTIFIED | D2: Material Summary studs / tracks; A12.01, 7/S5.20
A3: ALC-02 | B3: Exterior wall framing (CFMF) | C3: QUANTIFIED | D3: EXT-6CFMF; A/A09.21, S1.11, 10/S5.10
A4: ALC-03 | B4: Parapet framing | C4: QUANTIFIED | D4: 6" parapet stud; 11/S5.10
A5: ALC-04 | B5: Top / deflection and bottom track | C5: QUANTIFIED | D5: track rows by stud size (R71.8)
A6: ALC-05 | B6: Headers, sills and jambs at openings | C6: QUANTIFIED | D6: header / box beam, sill track; 7/S5.20, 2/S5.20
A7: ALC-06 | B7: Bracing / bridging | C7: QUANTIFIED | D7: 1-1/2" C.R. channel; F/1/S5.20
A8: ALC-07 | B8: Gypsum board on walls (layers per type) | C8: QUANTIFIED | D8: 5/8" board; A12.01
A9: ALC-08 | B9: Moisture / abuse / special board at wet zones | C9: QUANTIFIED | D9: 5/8" MR behind toilet / lavatory; note F/A08.01
A10: ALC-09 | B10: Exterior gypsum / glass mat sheathing | C10: QUANTIFIED | D10: glass mat + exterior gyp sheathing; 5/A09.26, A/A09.21
A11: ALC-10 | B11: FRT plywood sheathing / substrate | C11: QUANTIFIED | D11: FRT plywood by material; 2/A09.26, 10/A09.27
A12: ALC-11 | B12: Gypsum board ceilings | C12: QUANTIFIED | D12: 5/8" board on GWB ceilings; A04.01
... A26: ALC-X25 | B26: batt insulation | C26: NOT APPLICABLE | D26: EXCLUDED (estimator criterion: no insulation)
