Workbook

Sheet Inputs
A1: Bank of America CO1-111 - NWC Hwy 7 and Palisade Pkwy, Broomfield CO | METAL FRAMING & DRYWALL TAKEOFF
A2: Bid set: 2025.08.26_CO1-111_Broomfield_PERMIT SET_BID SET.pdf · 2026-10-20 · Edit ONLY the yellow cells.
A4: PARAMETER | B4: VALUE | C4: NOTE / SOURCE
A5: Waste - ALL METAL, any type | B5: 0.15 | C5: Estimator standing rule: 15% on everything that is metal.
A6: Waste - EVERYTHING THAT IS NOT METAL | B6: 0.06 | C6: Estimator standing rule: same figure as board.
A7: Board sheet width (ft) | B7: 4 | C7: Sheet size is a parameter; buy the size that wastes least.
A8: Board sheet length (ft) | B8: 12 | C8: Change it and every sheet count re-rounds.
A9: SF per board sheet | B9: =B7*B8 -> 48 | C9: Width x length.
A10: Stud stock length (ft) | B10: 20 | C10: Stud, header, framed opening and stud blocking: sticks.
A11: Track stock length (ft) | B11: 10 | C11: Track, sill track and purlin: runs.
A12: Floor plan scale (pt/ft) | B12: 18 | C12: Project value (canon constants).
A13: B.O. Deck (ft) | B13: n/a | C13: Project value (canon constants).
A14: T.O. Parapet (ft) | B14: n/a | C14: Project value (canon constants).
A15: Sealant coverage (LF per tube) | B15: 25 | C15: Sealant yield per tube - set your supplier's figure.
A16: C.R. channel stock length (ft) | B16: 16 | C16: 1-1/2" cold-rolled channel (bracing, carrying channel).
A17: Hat / furring channel stock (ft) | B17: 12 | C17: 7/8" hat furring channel.
A18: Trim stick length (ft) | B18: 10 | C18: Corner bead, casing bead, shadow molding, PVC trim.
A19: Hanger wire purchase | B19: continuous coil (LF) | C19: Bought by LF from a continuous coil; the hanger count goes on its own PCS row.
A20: Drywall screws per SF of board | B20: 1.2 | C20: YIELD (GA-216 field / perimeter spacing).
A21: Framing screws per stud piece | B21: 4 | C21: YIELD: 2 per stud-to-track connection, each end.
A22: Power-driven pin spacing (ft) | B22: 1 | C22: YIELD: bottom track on slab, interior walls.
A23: Joint compound (lb per SF) | B23: 0.072 | C23: YIELD: 72 lb per 1,000 SF, level 4 (estimator criterion).
A24: Joint tape (LF per SF) | B24: 0.37 | C24: YIELD: 370 LF per 1,000 SF.
A25: Expansion anchor spacing (ft) | B25: 0.6667 | C25: YIELD: exterior bottom track on slab.

Sheet Partition Takeoff
A1: ORGANIZED PARTITION TAKEOFF - Bank of America CO1-111 - NWC Hwy 7 and Palisade Pkwy, Broomfield CO
A2: Grouped by partition type. Every row cites its DETAIL/SHEET and its status.
A4: Partition / Scope | B4: Wall # | C4: Length (LF) | D4: Height (FT) | E4: Layers | F4: Stud Size | G4: Stud O.C. (in) | H4: Board (SF) | I4: Location | J4: Source (DETAIL/SHEET) | K4: Status
A5: TYPE EXT-6CFMF
A6: EXT-6CFMF #AE-01 - exterior north wall at Office 105 (grid F, 7-8); exterior / Office 105 | B6: AE-01 | C6: 12.64 | D6: 14.358 | E6: 1 | F6: 6" | G6: 16 | H6: 194.34 | I6: exterior north wall at Office 105 (grid F, 7-8); exterior / Office 105 | J6: F/A09.22 | K6: [DERIVED]
A7: EXT-6CFMF #AE-02+AE-03 - exterior east wall grid 8, F to B (offices 105-108, 116); exterior / interior + exterior east wall grid 8, B to A (Break Room 118, Work Room 119); exterior / interior | B7: AE-02+AE-03 | C7: 77.187 | D7: 13.539 | E7: 1 | F7: 6" | G7: 16 | H7: 1062.74 | I7: exterior east wall grid 8, F to B (offices 105-108, 116); exterior / interior + exterior east wall grid 8, B to A (Break Room 118, Work Room 119); exterior / interior | J7: F/A09.22 | K7: [DERIVED]
A8: EXT-6CFMF #AE-04+AE-04B - exterior south wall grid A, grids 3-6 (Wellness 115 ... Break Room 118), door 123 inside the run + exterior south wall grid A, grids 6-8 (Break Room 118 / Work Room 119) | B8: AE-04+AE-04B | C8: 52.62 | D8: 11.168 | E8: 1 | F8: 6" | G8: 16 | H8: 632.5 | I8: exterior south wall grid A, grids 3-6 (Wellness 115 ... Break Room 118), door 123 inside the run + exterior south wall grid A, grids 6-8 (Break Room 118 / Work Room 119) | J8: F/A09.22 | K8: [DERIVED]
A9: EXT-6CFMF #AE-05+AE-06 - exterior west wall grid 3, D to B (offices 109, 110); exterior (drive-up canopy) / interior + exterior west wall grid 3, B to A (restrooms 113-114, Janitor 112, Wellness 115) | B9: AE-05+AE-06 | C9: 47.873 | D9: 13.083 | E9: 1 | F9: 6" | G9: 16 | H9: 646.11 | I9: exterior west wall grid 3, D to B (offices 109, 110); exterior (drive-up canopy) / interior + exterior west wall grid 3, B to A (restrooms 113-114, Janitor 112, Wellness 115) | J9: F/A09.22 | K9: [DERIVED]
A10: EXT-6CFMF #AE-07 - exterior jog at grid D between grids 2 and 3 (ATM Room 102 / drive-up canopy) | B10: AE-07 | C10: 3.027 | D10: 14.358 | E10: 1 | F10: 6" | G10: 16 | H10: 46.54 | I10: exterior jog at grid D between grids 2 and 3 (ATM Room 102 / drive-up canopy) | J10: F/A09.22 | K10: [DERIVED]
A11: EXT-6CFMF #AE-08 - exterior west wall grid 2 (24 HR Vestibule 101, ATM Room 102) below the vestibule storefront | B11: AE-08 | C11: 21.72 | D11: 14.358 | E11: 1 | F11: 6" | G11: 16 | H11: 326.61 | I11: exterior west wall grid 2 (24 HR Vestibule 101, ATM Room 102) below the vestibule storefront | J11: F/A09.22 | K11: [DERIVED]
A12: TYPE EXT-PARAPET
A13: EXT-PARAPET #AE-21 - parapet on grid 2 | B13: AE-21 | C13: 29.033 | D13: 4.292 | E13: 0 | F13: 6" parapet (600S162-54) | G13: 16 | H13: 0 | I13: parapet on grid 2 | J13: 4/A09.26 | K13: [DERIVED]
A14: EXT-PARAPET #AE-22 - parapet on grid G | B14: AE-22 | C14: 16.393 | D14: 4.292 | E14: 0 | F14: 6" parapet (600S162-54) | G14: 16 | H14: 0 | I14: parapet on grid G | J14: 4/A09.26 | K14: [DERIVED]
A15: EXT-PARAPET #AE-23 - parapet on grid 4 | B15: AE-23 | C15: 3.947 | D15: 4.292 | E15: 0 | F15: 6" parapet (600S162-54) | G15: 16 | H15: 0 | I15: parapet on grid 4 | J15: 4/A09.26 | K15: [DERIVED]
A16: EXT-PARAPET #AE-24 - parapet on grid F | B16: AE-24 | C16: 39.86 | D16: 2.042 | E16: 0 | F16: 6" parapet (600S162-54) | G16: 16 | H16: 0 | I16: parapet on grid F | J16: 4/A09.26 | K16: [DERIVED]
A17: EXT-PARAPET #AE-25+AE-26 - parapet on grid 8 | B17: AE-25+AE-26 | C17: 75.96 | D17: 2.8 | E17: 0 | F17: 6" parapet (600S162-54) | G17: 16 | H17: 0 | I17: parapet on grid 8 | J17: 4/A09.26 | K17: [DERIVED]
A18: EXT-PARAPET #AE-27 - parapet on grid A | B18: AE-27 | C18: 52.347 | D18: 4.886 | E18: 0 | F18: 6" parapet (600S162-54) | G18: 16 | H18: 0 | I18: parapet on grid A | J18: 4/A09.26 | K18: [DERIVED]
A19: EXT-PARAPET #AE-28+AE-29 - parapet on grid 3 | B19: AE-28+AE-29 | C19: 47.927 | D19: 3.244 | E19: 0 | F19: 6" parapet (600S162-54) | G19: 16 | H19: 0 | I19: parapet on grid 3 | J19: 4/A09.26 | K19: [DERIVED]
A20: EXT-PARAPET #AE-30 - parapet on grid D | B20: AE-30 | C20: 3.907 | D20: 4.292 | E20: 0 | F20: 6" parapet (600S162-54) | G20: 16 | H20: 0 | I20: parapet on grid D | J20: 4/A09.26 | K20: [DERIVED]
A21: TYPE CANOPY-COL
A22: CANOPY-COL #AE-51 - drive-up canopy column 1 (grid 1) | B22: AE-51 | C22: 5.667 | D22: 10.5 | E22: 0 | F22: 3-5/8" | G22: 16 | H22: 0 | I22: drive-up canopy column 1 (grid 1) | J22: 5/A09.25 | K22: [DERIVED]
A23: CANOPY-COL #AE-52 - drive-up canopy column 2 (grid 1) | B23: AE-52 | C23: 5.667 | D23: 10.5 | E23: 0 | F23: 3-5/8" | G23: 16 | H23: 0 | I23: drive-up canopy column 2 (grid 1) | J23: 5/A09.25 | K23: [DERIVED]
A24: CANOPY-COL #AE-53 - drive-up canopy column 3 (grid 1) | B24: AE-53 | C24: 5.667 | D24: 10.5 | E24: 0 | F24: 3-5/8" | G24: 16 | H24: 0 | I24: drive-up canopy column 3 (grid 1) | J24: 5/A09.25 | K24: [DERIVED]
A25: CANOPY-COL #AE-54 - drive-up canopy column 4 (grid 1) | B25: AE-54 | C25: 5.667 | D25: 10.5 | E25: 0 | F25: 3-5/8" | G25: 16 | H25: 0 | I25: drive-up canopy column 4 (grid 1) | J25: 5/A09.25 | K25: [DERIVED]
A26: TYPE A1
A27: A1 #A1-01 - Calling Cubes 122 (S) / Waiting 104 - Central Zone (N); west part backs MW01 niche | B27: A1-01 | C27: 17.02 | D27: 15.375 | E27: 2 | F27: 3-5/8" | G27: 16 | H27: 366.95 | I27: Calling Cubes 122 (S) / Waiting 104 - Central Zone (N); west part backs MW01 niche | J27: 3/A12.01 | K27: [DERIVED]
A28: A1 #A1-02 - MW01 niche (W) / Calling Cubes 122 (E) | B28: A1-02 | C28: 3.533 | D28: 15.375 | E28: 2 | F28: 3-5/8" | G28: 16 | H28: 86.12 | I28: MW01 niche (W) / Calling Cubes 122 (E) | J28: 3/A12.01 | K28: [DERIVED]
A29: A1 #A1-03 - MW01 niche (N) / MW07 - Calling Cubes 122 (S) | B29: A1-03 | C29: 2.02 | D29: 15.375 | E29: 2 | F29: 3-5/8" | G29: 16 | H29: 49.24 | I29: MW01 niche (N) / MW07 - Calling Cubes 122 (S) | J29: 3/A12.01 | K29: [DERIVED]
A30: A1 #A1-04 - Lobby corridor east of offices 109/110 (N) / Corridor 111 (S); includes door 111 | B30: A1-04 | C30: 5 | D30: 15.375 | E30: 2 | F30: 3-5/8" | G30: 16 | H30: 50.56 | I30: Lobby corridor east of offices 109/110 (N) / Corridor 111 (S); includes door 111 | J30: 3/A12.01 | K30: [CONFIRMED]
A31: A1 #A1-05 - Calling Cubes 122 (N) / Corridor 118B - MW21 (S) | B31: A1-05 | C31: 15.233 | D31: 12.969 | E31: 2 | F31: 3-5/8" | G31: 16 | H31: 274.2 | I31: Calling Cubes 122 (N) / Corridor 118B - MW21 (S) | J31: 3/A12.01 | K31: [DERIVED]
A32: A1 #A1-06 - Teller queue / Central Zone (N) / Break Room 118 (S); includes door 118A and the untagged A1-thickness stub x=1613.64-1622.16 | B32: A1-06 | C32: 5.5 | D32: 12.925 | E32: 2 | F32: 3-5/8" | G32: 16 | H32: 47.31 | I32: Teller queue / Central Zone (N) / Break Room 118 (S); includes door 118A and the untagged A1-thickness stub x=1613.64-1622.16 | J32: 3/A12.01 | K32: [CONFIRMED]
A33: A1 #A1-07 - MW21 / Corridor 118B (W) / Teller queue - Central Zone (E) | B33: A1-07 | C33: 1.733 | D33: 11.819 | E33: 2 | F33: 3-5/8" | G33: 16 | H33: 32.07 | I33: MW21 / Corridor 118B (W) / Teller queue - Central Zone (E) | J33: 3/A12.01 | K33: [DERIVED]
A34: A1 #A1-08 - Corridor 111 (W) / Break Room 118 - Electrical 120 - NER 121 (E); includes door 118B | B34: A1-08 | C34: 20.521 | D34: 11.819 | E34: 2 | F34: 3-5/8" | G34: 16 | H34: 377.62 | I34: Corridor 111 (W) / Break Room 118 - Electrical 120 - NER 121 (E); includes door 118B | J34: 3/A12.01 | K34: [DERIVED]
A35: A1 #A1-09 - Cash Window 116 (N) / Work Room 119 (S); includes door 119 | B35: A1-09 | C35: 11.667 | D35: 12.773 | E35: 2 | F35: 3-5/8" | G35: 16 | H35: 168.05 | I35: Cash Window 116 (N) / Work Room 119 (S); includes door 119 | J35: 3/A12.01 | K35: [DERIVED]
A36: TYPE A5
A37: A5 #A1-10+A1-10S - Calling Cubes 122 (W) / Teller queue - Central Zone (E) | B37: A1-10+A1-10S | C37: 19.407 | D37: 13.697 | E37: 2 | F37: 6" | G37: 16 | H37: 378.92 | I37: Calling Cubes 122 (W) / Teller queue - Central Zone (E) | J37: 3/A12.01 | K37: [DERIVED]
A38: A5 #A1-11 - Lobby corridor east of offices 109/110 (W) / MW07 - Calling Cubes 122 (E); FEC-1 recess in west face | B38: A1-11 | C38: 11.407 | D38: 15.375 | E38: 2 | F38: 6" | G38: 16 | H38: 239.54 | I38: Lobby corridor east of offices 109/110 (W) / MW07 - Calling Cubes 122 (E); FEC-1 recess in west face | J38: 3/A12.01 | K38: [DERIVED]
A39: A5 #A1-12+A1-12S - Corridor 111 (W) / Calling Cubes 122 (E); includes door 122 | B39: A1-12+A1-12S | C39: 5.28 | D39: 12.284 | E39: 2 | F39: 6" | G39: 16 | H39: 47.26 | I39: Corridor 111 (W) / Calling Cubes 122 (E); includes door 122 | J39: 3/A12.01 | K39: [DERIVED]
A40: A5 #A1-13 - Break Room 118 (W) / Future FCAM - Cash Window 116 (E); includes door 116 | B40: A1-13 | C40: 6.947 | D40: 11.774 | E40: 2 | F40: 6" | G40: 16 | H40: 80.73 | I40: Break Room 118 (W) / Future FCAM - Cash Window 116 (E); includes door 116 | J40: 3/A12.01 | K40: [DERIVED]
A41: TYPE B2K
A42: B2K #A1-14 - Office 108 approach (N) / Teller queue (S) | B42: A1-14 | C42: 1.773 | D42: 15.375 | E42: 2 | F42: 6" | G42: 16 | H42: 54.52 | I42: Office 108 approach (N) / Teller queue (S) | J42: 4/A12.01 | K42: [DERIVED]
A43: TYPE A1K
A44: A1K #A1-15 - Office 108 / G wall strip (N, customer) / Cash Window 116 teller station (S, teller) | B44: A1-15 | C44: 3.417 | D44: 15.375 | E44: 2 | F44: 3-5/8" | G44: 16 | H44: 105.06 | I44: Office 108 / G wall strip (N, customer) / Cash Window 116 teller station (S, teller) | J44: 4/A12.01 | K44: [CONFIRMED]
A45: A1K #A1-16 - Cash Window 116 teller station (N, teller) / Future FCAM (S, customer) | B45: A1-16 | C45: 3.413 | D45: 12.937 | E45: 2 | F45: 3-5/8" | G45: 16 | H45: 88.32 | I45: Cash Window 116 teller station (N, teller) / Future FCAM (S, customer) | J45: 4/A12.01 | K45: [DERIVED]
A46: A1K #A1-17 - Teller queue (N) / Future FCAM (S) | B46: A1-17 | C46: 1.767 | D46: 12.925 | E46: 2 | F46: 3-5/8" | G46: 16 | H46: 45.66 | I46: Teller queue (N) / Future FCAM (S) | J46: 4/A12.01 | K46: [DERIVED]
A47: TYPE B
A48: B #A2-01 - Break Room 118 (N) / Electrical 120 (S) | B48: A2-01 | C48: 9.583 | D48: 12.829 | E48: 2 | F48: 3-5/8" | G48: 16 | H48: 245.9 | I48: Break Room 118 (N) / Electrical 120 (S) | J48: 1/A12.01 | K48: [CONFIRMED]
A49: B #A2-02 - Electrical 120 + NER 121 (W) / Break Room 118 side (E) | B49: A2-02 | C49: 14.146 | D49: 12.821 | E49: 2 | F49: 3-5/8" | G49: 16 | H49: 267.16 | I49: Electrical 120 + NER 121 (W) / Break Room 118 side (E) | J49: 1/A12.01 | K49: [DERIVED]
A50: B #A2-03 - Electrical 120 (N) / NER 121 (S) | B50: A2-03 | C50: 9.583 | D50: 12.701 | E50: 2 | F50: 3-5/8" | G50: 16 | H50: 243.42 | I50: Electrical 120 (N) / NER 121 (S) | J50: 1/A12.01 | K50: [CONFIRMED]
A51: B #A2-04 - Men's Restroom 113 (N) / Janitor Closet 112 + Storage 117 (S) | B51: A2-04 | C51: 11.719 | D51: 12.749 | E51: 2 | F51: 3-5/8" | G51: 16 | H51: 251.04 | I51: Men's Restroom 113 (N) / Janitor Closet 112 + Storage 117 (S) | J51: 1/A12.01 | K51: [DERIVED]
A52: B #A2-05 - Janitor Closet 112 + Storage 117 (N) / Wellness 115 (S) | B52: A2-05 | C52: 11.719 | D52: 12.669 | E52: 2 | F52: 3-5/8" | G52: 16 | H52: 296.92 | I52: Janitor Closet 112 + Storage 117 (N) / Wellness 115 (S) | J52: 1/A12.01 | K52: [DERIVED]
A53: B #A2-06 - Janitor Closet 112 (W) / Storage 117 (E) | B53: A2-06 | C53: 3.5 | D53: 12.741 | E53: 2 | F53: 3-5/8" | G53: 16 | H53: 89.18 | I53: Janitor Closet 112 (W) / Storage 117 (E) | J53: 1/A12.01 | K53: [CONFIRMED]
A54: TYPE B2
A55: B2 #A2-07N+A2-07 - Women's Restroom 114 (W) / Corridor 111 (E) | B55: A2-07N+A2-07 | C55: 5.542 | D55: 13.239 | E55: 2 | F55: 6" | G55: 16 | H55: 98.96 | I55: Women's Restroom 114 (W) / Corridor 111 (E) | J55: 1/A12.01 | K55: [DERIVED]
A56: B2 #A2-08 - Men's Restroom 113 + Storage 117 + Wellness 115 (W) / Corridor 111 (E) | B56: A2-08 | C56: 15.787 | D56: 12.863 | E56: 2 | F56: 6" | G56: 16 | H56: 262.8 | I56: Men's Restroom 113 + Storage 117 + Wellness 115 (W) / Corridor 111 (E) | J56: 1/A12.01 | K56: [DERIVED]
A57: B2 #A2-09 - Break Room 118 (W) / Work Room 119 (E) | B57: A2-09 | C57: 11.407 | D57: 11.631 | E57: 2 | F57: 6" | G57: 16 | H57: 291.4 | I57: Break Room 118 (W) / Work Room 119 (E) | J57: 1/A12.01 | K57: [DERIVED]
A58: B2 #A2-10 - ATM Room 102 (W) / Central Zone 103 (E) | B58: A2-10 | C58: 5.667 | D58: 15.375 | E58: 2 | F58: 6" | G58: 16 | H58: 111.64 | I58: ATM Room 102 (W) / Central Zone 103 (E) | J58: 1/A12.01 | K58: [CONFIRMED]
A59: TYPE C1
A60: C1 #A2-11 - Women's Restroom 114 (N) / plumbing chase (S) | B60: A2-11 | C60: 10.027 | D60: 12.924 | E60: 1 | F60: 3-5/8" | G60: 16 | H60: 129.58 | I60: Women's Restroom 114 (N) / plumbing chase (S) | J60: 6/A12.01 | K60: [DERIVED]
A61: C1 #A2-12 - Men's Restroom 113 (S) / plumbing chase (N) | B61: A2-12 | C61: 10.027 | D61: 12.894 | E61: 1 | F61: 3-5/8" | G61: 16 | H61: 129.29 | I61: Men's Restroom 113 (S) / plumbing chase (N) | J61: 6/A12.01 | K61: [DERIVED]
A62: C1 #A2-13+A2-14+A2-15 - Waiting 104 / Central Zone side (N) of Calling Cubes 122 north wall - display monitor furring (key note 7) + monitor bump-out west return (Waiting 104 side) + monitor bump-out east return (Waiting 104 side) | B62: A2-13+A2-14+A2-15 | C62: 11.333 | D62: 15.375 | E62: 1 | F62: 3-5/8" | G62: 16 | H62: 174.25 | I62: Waiting 104 / Central Zone side (N) of Calling Cubes 122 north wall - display monitor furring (key note 7) + monitor bump-out west return (Waiting 104 side) + monitor bump-out east return (Waiting 104 side) | J62: 6/A12.01 | K62: [DERIVED]
A63: C1 #A2-16+A2-17 - Future FCAM (S) - furring on south side of Cash Window 116 A1K wall + Future FCAM - east return of C1 furring | B63: A2-16+A2-17 | C63: 3.56 | D63: 12.924 | E63: 1 | F63: 3-5/8" | G63: 16 | H63: 46.01 | I63: Future FCAM (S) - furring on south side of Cash Window 116 A1K wall + Future FCAM - east return of C1 furring | J63: 6/A12.01 | K63: [DERIVED]
A64: C1 #A2-18+A2-19 - 24 HR Vestibule 101 (N) / column enclosure at F-B2 junction | B64: A2-18+A2-19 | C64: 2.18 | D64: 15.375 | E64: 1.35 | F64: 3-5/8" | G64: 16 | H64: 45.19 | I64: 24 HR Vestibule 101 (N) / column enclosure at F-B2 junction | J64: 6/A12.01 | K64: [DERIVED]
A65: C1 #A2-20 - Vestibule 100 NW corner pier (storefront corner), C1 furring on S and E faces facing Vestibule 100 | B65: A2-20 | C65: 4.013 | D65: 15.375 | E65: 1 | F65: 3-5/8" | G65: 16 | H65: 61.69 | I65: Vestibule 100 NW corner pier (storefront corner), C1 furring on S and E faces facing Vestibule 100 | J65: 6/A12.01 | K65: [DERIVED]
A66: C1 #A2-21 - Vestibule 100 NE corner pier (storefront corner, PB / CR devices), C1 furring on W and S faces facing Vestibule 100 | B66: A2-21 | C66: 4.037 | D66: 15.375 | E66: 1 | F66: 3-5/8" | G66: 16 | H66: 62.06 | I66: Vestibule 100 NE corner pier (storefront corner, PB / CR devices), C1 furring on W and S faces facing Vestibule 100 | J66: 6/A12.01 | K66: [DERIVED]
A67: C1 #A2-22 - column box at junction of Vestibule 100 east wall, Vestibule 100/101 storefront and Vestibule 101 east storefront | B67: A2-22 | C67: 4 | D67: 15.375 | E67: 1 | F67: 3-5/8" | G67: 16 | H67: 61.5 | I67: column box at junction of Vestibule 100 east wall, Vestibule 100/101 storefront and Vestibule 101 east storefront | J67: 6/A12.01 | K67: [DERIVED]
A68: TYPE F
A69: F #A2-23 - 24 HR Vestibule 101 (NE, public side: FRT plywood + gyp) / ATM Room 102 (SW: gyp) | B69: A2-23 | C69: 17.761 | D69: 15.375 | E69: 2 | F69: 3-5/8" | G69: 16 | H69: 325.37 | I69: 24 HR Vestibule 101 (NE, public side: FRT plywood + gyp) / ATM Room 102 (SW: gyp) | J69: 12/A12.01 | K69: [DERIVED]
A70: TYPE G1
A71: G1 #A3-01 - Office 105 (Office 1 ME) / Office 106 (Office 2 CL) | B71: A3-01 | C71: 11.771 | D71: 15.375 | E71: 4 | F71: 1-5/8" | G71: 16 | H71: 723.92 | I71: Office 105 (Office 1 ME) / Office 106 (Office 2 CL) | J71: 5/A12.01 | K71: [CONFIRMED]
A72: G1 #A3-14 - West office front between Office 109 and Office 110 / Central Zone 103 | B72: A3-14 | C72: 3.507 | D72: 15.375 | E72: 4 | F72: 1-5/8" | G72: 16 | H72: 215.68 | I72: West office front between Office 109 and Office 110 / Central Zone 103 | J72: 10/A12.01 | K72: [DERIVED]
A73: G1 #A3-15 - West office front: Office 110 / Central Zone 103 (south end at Women's Restroom 114 wall) | B73: A3-15 | C73: 3.18 | D73: 15.375 | E73: 4 | F73: 1-5/8" | G73: 16 | H73: 195.58 | I73: West office front: Office 110 / Central Zone 103 (south end at Women's Restroom 114 wall) | J73: 10/A12.01 | K73: [DERIVED]
A74: TYPE G
A75: G #A3-02 - Office 106 (Office 2 CL) / Office 107 (Office 3 SB) | B75: A3-02 | C75: 11.767 | D75: 15.375 | E75: 4 | F75: 1-5/8" | G75: 16 | H75: 723.68 | I75: Office 106 (Office 2 CL) / Office 107 (Office 3 SB) | J75: 5/A12.01 | K75: [DERIVED]
A76: G #A3-03 - Office 107 (Office 3 SB) / Office 108 (Office 4 CB) | B76: A3-03 | C76: 11.771 | D76: 15.375 | E76: 4 | F76: 1-5/8" | G76: 16 | H76: 723.92 | I76: Office 107 (Office 3 SB) / Office 108 (Office 4 CB) | J76: 5/A12.01 | K76: [CONFIRMED]
A77: G #A3-04 - Office 108 (Office 4 CB) / room south of Office 108 (Cash Window area) | B77: A3-04 | C77: 10.073 | D77: 15.375 | E77: 4 | F77: 1-5/8" | G77: 16 | H77: 619.48 | I77: Office 108 (Office 4 CB) / room south of Office 108 (Cash Window area) | J77: 5/A12.01 | K77: [DERIVED]
A78: G #A3-05 - East office front: Office 105 / Waiting 104 - Central Zone 103 | B78: A3-05 | C78: 2.42 | D78: 14.383 | E78: 4 | F78: 1-5/8" | G78: 16 | H78: 148.82 | I78: East office front: Office 105 / Waiting 104 - Central Zone 103 | J78: 10/A12.01 | K78: [DERIVED]
A79: G #A3-06 - East office front between offices (Central Zone 103 / Waiting 104 side) | B79: A3-06 | C79: 3.467 | D79: 14.383 | E79: 4 | F79: 1-5/8" | G79: 16 | H79: 213.22 | I79: East office front between offices (Central Zone 103 / Waiting 104 side) | J79: 10/A12.01 | K79: [DERIVED]
A80: G #A3-07 - East office front between offices (Central Zone 103 / Waiting 104 side) | B80: A3-07 | C80: 3.253 | D80: 14.225 | E80: 4 | F80: 1-5/8" | G80: 16 | H80: 200.06 | I80: East office front between offices (Central Zone 103 / Waiting 104 side) | J80: 10/A12.01 | K80: [DERIVED]
A81: G #A3-08 - East office front between offices (Central Zone 103 / Waiting 104 side) | B81: A3-08 | C81: 3.253 | D81: 14.225 | E81: 4 | F81: 1-5/8" | G81: 16 | H81: 200.06 | I81: East office front between offices (Central Zone 103 / Waiting 104 side) | J81: 10/A12.01 | K81: [DERIVED]
A82: G #A3-10 - Office 109 (Office 5 CB) / ATM Room 102 | B82: A3-10 | C82: 12.332 | D82: 15.375 | E82: 4 | F82: 1-5/8" | G82: 16 | H82: 758.42 | I82: Office 109 (Office 5 CB) / ATM Room 102 | J82: 5/A12.01 | K82: [DERIVED]
A83: G #A3-11 - Office 109 (Office 5 CB) / Office 110 (Office 6 CB) | B83: A3-11 | C83: 11.625 | D83: 15.375 | E83: 4 | F83: 1-5/8" | G83: 16 | H83: 714.94 | I83: Office 109 (Office 5 CB) / Office 110 (Office 6 CB) | J83: 5/A12.01 | K83: [CONFIRMED]
A84: G #A3-12 - Office 110 (Office 6 CB) / Women's Restroom 114 | B84: A3-12 | C84: 11.625 | D84: 15.375 | E84: 4 | F84: 1-5/8" | G84: 16 | H84: 714.94 | I84: Office 110 (Office 6 CB) / Women's Restroom 114 | J84: 5/A12.01 | K84: [CONFIRMED]
A85: TYPE BULKHEAD-G
A86: BULKHEAD-G #A3-16+A3-17+A3-18+A3-19 - Office 105 front (bank vendor office front DFC-1A) / Central Zone 103 + Office 106 front (bank vendor office front DFC-1A) / Central Zone 103 + Office 107 front (bank vendor office front DFC-1A) / Central Zone 103 + Office 108 front (bank vendor office front DFC-1A) / Central Zone 103 | B86: A3-16+A3-17+A3-18+A3-19 | C86: 30 | D86: 6.262 | E86: 5 | F86: 1-5/8" | G86: 16 | H86: 898.76 | I86: Office 105 front (bank vendor office front DFC-1A) / Central Zone 103 + Office 106 front (bank vendor office front DFC-1A) / Central Zone 103 + Office 107 front (bank vendor office front DFC-1A) / Central Zone 103 + Office 108 front (bank vendor office front DFC-1A) / Central Zone 103 | J86: 9/A12.01 | K86: [CONFIRMED]
A87: BULKHEAD-G #A3-20+A3-21 - Office 109 front (bank vendor office front DFC-1A) / Central Zone 103 + Office 110 front (bank vendor office front DFC-1A) / Central Zone 103 | B87: A3-20+A3-21 | C87: 15 | D87: 7.375 | E87: 5 | F87: 1-5/8" | G87: 16 | H87: 451.86 | I87: Office 109 front (bank vendor office front DFC-1A) / Central Zone 103 + Office 110 front (bank vendor office front DFC-1A) / Central Zone 103 | J87: 9/A12.01 | K87: [CONFIRMED]
B88: TOTAL - PARTITIONS | C88: =SUM(C5:C87) -> 953.382 | H88: =SUM(H5:H87) -> 16097.67
A90: TYPE OTHER FRAMING (NOT A PARTITION)
A91: ceiling_transition #AC-07 - Waiting 104 GB 11'-0" N edge / Central Zone 103 ACT-4 11'-6" | B91: AC-07 | C91: 17.027 | D91: 4.375 | E91: 1 | F91: 3-5/8" | G91: 16 | H91: 17.03 | I91: Waiting 104 GB 11'-0" N edge / Central Zone 103 ACT-4 11'-6" | J91: 7/A09.33 | K91: [DERIVED]
A92: ceiling_transition #AC-08 - Waiting 104 GB 11'-0" W edge / Central Zone 103 ACT-4 11'-6" | B92: AC-08 | C92: 30 | D92: 4.375 | E92: 1 | F92: 3-5/8" | G92: 16 | H92: 30 | I92: Waiting 104 GB 11'-0" W edge / Central Zone 103 ACT-4 11'-6" | J92: 7/A09.33 | K92: [DERIVED]
A93: ceiling_transition #AC-09 - Waiting 104 GB 11'-0" E edge / Central Zone 103 ACT-4 11'-6" | B93: AC-09 | C93: 30 | D93: 3.383 | E93: 1 | F93: 3-5/8" | G93: 16 | H93: 30 | I93: Waiting 104 GB 11'-0" E edge / Central Zone 103 ACT-4 11'-6" | J93: 7/A09.33 | K93: [DERIVED]
A94: soffit_side #AC-10 - CSR soffit CSR-W line (north of grid B) | B94: AC-10 | C94: 6.44 | D94: 7.375 | E94: 1 | F94: 3-5/8" | G94: 16 | H94: 9.66 | I94: CSR soffit CSR-W line (north of grid B) | J94: 10/A09.33 | K94: [DERIVED]
A95: soffit_side #AC-11 - CSR soffit CSR-W line (south of grid B) | B95: AC-11 | C95: 5.573 | D95: 5.052 | E95: 1 | F95: 3-5/8" | G95: 16 | H95: 8.36 | I95: CSR soffit CSR-W line (south of grid B) | J95: 10/A09.33 | K95: [DERIVED]
A96: soffit_side #AC-12 - CSR soffit CSR-E line (north of grid B) | B96: AC-12 | C96: 6.44 | D96: 7.375 | E96: 1 | F96: 3-5/8" | G96: 16 | H96: 9.66 | I96: CSR soffit CSR-E line (north of grid B) | J96: 10/A09.33 | K96: [DERIVED]
A97: soffit_side #AC-13 - CSR soffit CSR-E line (south of grid B) | B97: AC-13 | C97: 5.573 | D97: 5.052 | E97: 1 | F97: 3-5/8" | G97: 16 | H97: 8.36 | I97: CSR soffit CSR-E line (south of grid B) | J97: 10/A09.33 | K97: [DERIVED]
A98: storefront_cripples #AE-31 - framing above storefront SF-F head | B98: AE-31 | C98: 26.25 | D98: 4.525 | E98: 1 | F98: 6" | G98: 16 | H98: 180.47 | I98: framing above storefront SF-F head | J98: 2/A09.26 | K98: [CONFIRMED]
A99: storefront_cripples #AE-32 - framing above storefront SF-G head | B99: AE-32 | C99: 12.562 | D99: 4.983 | E99: 1 | F99: 6" | G99: 16 | H99: 86.37 | I99: framing above storefront SF-G head | J99: 2/A09.26 | K99: [CONFIRMED]
A100: storefront_cripples #AE-33 - framing above storefront SF-W2 head | B100: AE-33 | C100: 6.5 | D100: 4.983 | E100: 1 | F100: 6" | G100: 16 | H100: 44.69 | I100: framing above storefront SF-W2 head | J100: 2/A09.26 | K100: [CONFIRMED]
A101: pier_part #AE-41 - NW storefront pier grid 2/G | B101: AE-41 | C101: 3.375 | D101: 14.358 | E101: 0 | F101: 6" | G101: 16 | H101: 0 | I101: NW storefront pier grid 2/G | J101: 1/A09.25 | K101: [DERIVED]
A102: pier_part #AE-42 - NE storefront pier grid 4/G | B102: AE-42 | C102: 3.229 | D102: 14.358 | E102: 0 | F102: 6" | G102: 16 | H102: 0 | I102: NE storefront pier grid 4/G | J102: 2/A09.25 | K102: [DERIVED]
...

Sheet Material Summary
A1: MATERIAL SUMMARY - NET / WASTE / PURCHASE
A2: Waste lives HERE, in its own column, applied ONCE: Pieces = ROUNDUP(Net x (1 + waste) / stock). Every stock length, coverage and yield is an Inputs cell.
A3: Material | B3: Unit | C3: Net | D3: Waste % | E3: Waste | F3: Purchase | G3: Selling unit | H3: Pieces to buy | I3: Where it comes from | J3: Yield check (live formula)
A4: 6" metal stud (LF of material) | B4: LF | C4: 4561.16 | D4: =Inputs!$B$5 -> 0.15 | E4: =C4*D4 -> 684.174 | F4: =C4+E4 -> 5245.334 | G4: stick 20 ft | H4: =ROUNDUP(F4/Inputs!$B$10,0) -> 263 | I4: familias_out.json '6" stud (all gauges)' (canon.py on 4_canon/takeoff_canon.json)
A5: 3-5/8" metal stud (LF of material) | B5: LF | C5: 5847.9 | D5: =Inputs!$B$5 -> 0.15 | E5: =C5*D5 -> 877.185 | F5: =C5+E5 -> 6725.085 | G5: stick 20 ft | H5: =ROUNDUP(F5/Inputs!$B$10,0) -> 337 | I5: familias_out.json '3-5/8" stud (all gauges)' (canon.py on 4_canon/takeoff_canon.json)
A6: 1-5/8" metal stud (LF of material) | B6: LF | C6: 4020.86 | D6: =Inputs!$B$5 -> 0.15 | E6: =C6*D6 -> 603.129 | F6: =C6+E6 -> 4623.989 | G6: stick 20 ft | H6: =ROUNDUP(F6/Inputs!$B$10,0) -> 232 | I6: familias_out.json '1-5/8" stud' (canon.py on 4_canon/takeoff_canon.json)
A7: 6" parapet infill stud (LF of material) | B7: LF | C7: 985.53 | D7: =Inputs!$B$5 -> 0.15 | E7: =C7*D7 -> 147.8295 | F7: =C7+E7 -> 1133.3595 | G7: stick 20 ft | H7: =ROUNDUP(F7/Inputs!$B$10,0) -> 57 | I7: familias_out.json '6" parapet stud' (canon.py on 4_canon/takeoff_canon.json)
A8: Track, ceilings / soffits / canopy | B8: LF | C8: 948.41 | D8: =Inputs!$B$5 -> 0.15 | E8: =C8*D8 -> 142.2615 | F8: =C8+E8 -> 1090.6715 | G8: run 10 ft | H8: =ROUNDUP(F8/Inputs!$B$11,0) -> 110 | I8: familias_out.json 'ceiling / soffit track' (canon.py on 4_canon/takeoff_canon.json)
A9: Bracing 1-1/2" C.R. channel @ 48" O.C. | B9: LF | C9: 2466.65 | D9: =Inputs!$B$5 -> 0.15 | E9: =C9*D9 -> 369.9975 | F9: =C9+E9 -> 2836.6475 | G9: C.R. channel 16 ft | H9: =ROUNDUP(F9/Inputs!$B$16,0) -> 178 | I9: familias_out.json 'bracing C.R. channel' (canon.py on 4_canon/takeoff_canon.json)
A10: Purlin, top track to deck | B10: LF | C10: 272.55 | D10: =Inputs!$B$5 -> 0.15 | E10: =C10*D10 -> 40.8825 | F10: =C10+E10 -> 313.4325 | G10: run 10 ft | H10: =ROUNDUP(F10/Inputs!$B$11,0) -> 32 | I10: familias_out.json 'purlin (track to deck)' (canon.py on 4_canon/takeoff_canon.json)
A11: Header / metal stud box beam | B11: LF | C11: 815.27 | D11: =Inputs!$B$5 -> 0.15 | E11: =C11*D11 -> 122.2905 | F11: =C11+E11 -> 937.5605 | G11: stick 20 ft | H11: =ROUNDUP(F11/Inputs!$B$10,0) -> 47 | I11: familias_out.json 'header / box beam' (canon.py on 4_canon/takeoff_canon.json)
A12: Sill track | B12: LF | C12: 119.12 | D12: =Inputs!$B$5 -> 0.15 | E12: =C12*D12 -> 17.868 | F12: =C12+E12 -> 136.988 | G12: run 10 ft | H12: =ROUNDUP(F12/Inputs!$B$11,0) -> 14 | I12: familias_out.json 'sill track' (canon.py on 4_canon/takeoff_canon.json)
A13: Furring channel (ceilings) | B13: LF | C13: 807.65 | D13: =Inputs!$B$5 -> 0.15 | E13: =C13*D13 -> 121.1475 | F13: =C13+E13 -> 928.7975 | G13: hat channel 12 ft | H13: =ROUNDUP(F13/Inputs!$B$17,0) -> 78 | I13: familias_out.json 'furring channel' (canon.py on 4_canon/takeoff_canon.json)
A14: Carrying channel (ceilings) | B14: LF | C14: 315.98 | D14: =Inputs!$B$5 -> 0.15 | E14: =C14*D14 -> 47.397 | F14: =C14+E14 -> 363.377 | G14: C.R. channel 16 ft | H14: =ROUNDUP(F14/Inputs!$B$16,0) -> 23 | I14: familias_out.json 'carrying channel' (canon.py on 4_canon/takeoff_canon.json)
A15: Hanger wire | B15: LF | C15: 533.62 | D15: =Inputs!$B$5 -> 0.15 | E15: =C15*D15 -> 80.043 | F15: =C15+E15 -> 613.663 | G15: continuous coil (LF) | H15: =ROUNDUP(F15,0) -> 614 | I15: familias_out.json 'hanger wire' (canon.py on 4_canon/takeoff_canon.json)
A16: 5/8" gypsum board, regular | B16: SF | C16: 17713.32 | D16: =Inputs!$B$6 -> 0.06 | E16: =C16*D16 -> 1062.7992 | F16: =C16+E16 -> 18776.119 | G16: 4x12 ft sheet | H16: =ROUNDUP(F16/Inputs!$B$9,0) -> 392 | I16: familias_out.json '5/8" gyp board regular (walls + ceilings)' (canon.py on 4_canon/takeoff_canon.json)
A17: 5/8" gypsum board, MOISTURE RESISTANT | B17: SF | C17: 258.87 | D17: =Inputs!$B$6 -> 0.06 | E17: =C17*D17 -> 15.5322 | F17: =C17+E17 -> 274.4022 | G17: 4x12 ft sheet | H17: =ROUNDUP(F17/Inputs!$B$9,0) -> 6 | I17: familias_out.json '5/8" gyp MOISTURE RESISTANT' (canon.py on 4_canon/takeoff_canon.json)
A18: Ballistic panel 3/8" UL752 | B18: SF | C18: 93.89 | D18: =Inputs!$B$6 -> 0.06 | E18: =C18*D18 -> 5.6334 | F18: =C18+E18 -> 99.5234 | G18: 4x8 ft sheet | H18: =ROUNDUP(F18/32,0) -> 4 | I18: familias_out.json 'ballistic panel' (canon.py on 4_canon/takeoff_canon.json)
A19: 3/8" gypsum board | B19: SF | C19: 63.83 | D19: =Inputs!$B$6 -> 0.06 | E19: =C19*D19 -> 3.8298 | F19: =C19+E19 -> 67.6598 | G19: 4x12 ft sheet | H19: =ROUNDUP(F19/Inputs!$B$9,0) -> 2 | I19: familias_out.json '3/8" gyp board' (canon.py on 4_canon/takeoff_canon.json)
A20: 5/8" glass mat sheathing (exterior face of the stud) | B20: SF | C20: 478.79 | D20: =Inputs!$B$6 -> 0.06 | E20: =C20*D20 -> 28.7274 | F20: =C20+E20 -> 507.5174 | G20: 4x12 ft sheet | H20: =ROUNDUP(F20/Inputs!$B$9,0) -> 11 | I20: familias_out.json '5/8" glass mat sheathing' (canon.py on 4_canon/takeoff_canon.json)
A21: 5/8" EXTERIOR gypsum sheathing | B21: SF | C21: 933.99 | D21: =Inputs!$B$6 -> 0.06 | E21: =C21*D21 -> 56.0394 | F21: =C21+E21 -> 990.0294 | G21: 4x12 ft sheet | H21: =ROUNDUP(F21/Inputs!$B$9,0) -> 21 | I21: familias_out.json '5/8" EXTERIOR gyp sheathing' (canon.py on 4_canon/takeoff_canon.json)
A22: Blocking FRT / 2X FRT wood | B22: LF | C22: 1057.82 | D22: =Inputs!$B$6 -> 0.06 | E22: =C22*D22 -> 63.4692 | F22: =C22+E22 -> 1121.2892 | G22: stick 16 ft | H22: =ROUNDUP(F22/16,0) -> 71 | I22: familias_out.json 'FRT blocking' (canon.py on 4_canon/takeoff_canon.json)
A23: Stud blocking at edge of gypboard (structural detail) | B23: LF | C23: 622.67 | D23: =Inputs!$B$5 -> 0.15 | E23: =C23*D23 -> 93.4005 | F23: =C23+E23 -> 716.0705 | G23: stick 20 ft | H23: =ROUNDUP(F23/Inputs!$B$10,0) -> 36 | I23: familias_out.json metal_blocking_by_origin 'metal stud blocking (362CR / STUD BLOCKING)' (edge)
A24: Metal stud blocking at wall-mounted items (notes) | B24: LF | C24: 108.95 | D24: =Inputs!$B$5 -> 0.15 | E24: =C24*D24 -> 16.3425 | F24: =C24+E24 -> 125.2925 | G24: stick 20 ft | H24: =ROUNDUP(F24/Inputs!$B$10,0) -> 7 | I24: familias_out.json metal_blocking_by_origin 'metal stud blocking (362CR / STUD BLOCKING)' (items)
A25: METAL trim - corner bead, casing bead, shadow molding, gypsum edge trim | B25: LF | C25: 1422.39 | D25: =Inputs!$B$5 -> 0.15 | E25: =C25*D25 -> 213.3585 | F25: =C25+E25 -> 1635.7485 | G25: trim stick 10 ft | H25: =ROUNDUP(F25/Inputs!$B$18,0) -> 164 | I25: familias_out.json 'metal trim (corner bead, casing, shadow molding)' (canon.py on 4_canon/takeoff_canon.json)
A26: Cement board (substrate under the FRP cove base band) | B26: SF | C26: 31.37 | D26: =Inputs!$B$6 -> 0.06 | E26: =C26*D26 -> 1.8822 | F26: =C26+E26 -> 33.2522 | G26: 4x8 ft sheet | H26: =ROUNDUP(F26/32,0) -> 2 | I26: familias_out.json 'cement board' (canon.py on 4_canon/takeoff_canon.json)
A27: FRP panels | B27: SF | C27: 329.74 | D27: =Inputs!$B$6 -> 0.06 | E27: =C27*D27 -> 19.7844 | F27: =C27+E27 -> 349.5244 | G27: 4x8 ft sheet | H27: =ROUNDUP(F27/32,0) -> 11 | I27: familias_out.json 'FRP' (canon.py on 4_canon/takeoff_canon.json)
A28: Acoustical sealant | B28: LF | C28: 1141.84 | D28: =Inputs!$B$6 -> 0.06 | E28: =C28*D28 -> 68.5104 | F28: =C28+E28 -> 1210.3504 | G28: tube (25 LF per tube) | H28: =ROUNDUP(F28/Inputs!$B$15,0) -> 49 | I28: familias_out.json 'acoustical sealant' (canon.py on 4_canon/takeoff_canon.json)
A29: framed openings MEP | B29: LF | C29: 956.63 | D29: =Inputs!$B$5 -> 0.15 | E29: =C29*D29 -> 143.4945 | F29: =C29+E29 -> 1100.1245 | G29: stick 20 ft | H29: =ROUNDUP(F29/Inputs!$B$10,0) -> 56 | I29: framed_openings_out.json 'framed openings MEP' (framed_openings.py)
A30: Bottom track 6" | B30: LF | C30: 298.3 | D30: =Inputs!$B$5 -> 0.15 | E30: =C30*D30 -> 44.745 | F30: =C30+E30 -> 343.045 | G30: run 10 ft | H30: =ROUNDUP(F30/Inputs!$B$11,0) -> 35 | I30: familias_out.json track_by_element 'bottom track (all)' (R73.3)
A31: Parapet bottom track | B31: LF | C31: 269.38 | D31: =Inputs!$B$5 -> 0.15 | E31: =C31*D31 -> 40.407 | F31: =C31+E31 -> 309.787 | G31: run 10 ft | H31: =ROUNDUP(F31/Inputs!$B$11,0) -> 31 | I31: familias_out.json track_by_element 'bottom track (all)' (R73.3)
A32: Bottom track - other framing (not a partition type, see source) | B32: LF | C32: 66.17 | D32: =Inputs!$B$5 -> 0.15 | E32: =C32*D32 -> 9.9255 | F32: =C32+E32 -> 76.0955 | G32: run 10 ft | H32: =ROUNDUP(F32/Inputs!$B$11,0) -> 8 | I32: familias_out.json track_by_element 'bottom track (all)' (R73.3)
A33: Bottom track 3-5/8" | B33: LF | C33: 248.19 | D33: =Inputs!$B$5 -> 0.15 | E33: =C33*D33 -> 37.2285 | F33: =C33+E33 -> 285.4185 | G33: run 10 ft | H33: =ROUNDUP(F33/Inputs!$B$11,0) -> 29 | I33: familias_out.json track_by_element 'bottom track (all)' (R73.3)
A34: Bottom track - roof step and heads (vestibule / bulkhead) | B34: LF | C34: 176.84 | D34: =Inputs!$B$5 -> 0.15 | E34: =C34*D34 -> 26.526 | F34: =C34+E34 -> 203.366 | G34: run 10 ft | H34: =ROUNDUP(F34/Inputs!$B$11,0) -> 21 | I34: familias_out.json track_by_element 'bottom track (all)' (R73.3)
A35: Bottom track 1-5/8" | B35: LF | C35: 291.42 | D35: =Inputs!$B$5 -> 0.15 | E35: =C35*D35 -> 43.713 | F35: =C35+E35 -> 335.133 | G35: run 10 ft | H35: =ROUNDUP(F35/Inputs!$B$11,0) -> 34 | I35: familias_out.json track_by_element 'bottom track (all)' (R73.3)
A36: Top / deflection track 6" | B36: LF | C36: 298.3 | D36: =Inputs!$B$5 -> 0.15 | E36: =C36*D36 -> 44.745 | F36: =C36+E36 -> 343.045 | G36: run 10 ft | H36: =ROUNDUP(F36/Inputs!$B$11,0) -> 35 | I36: familias_out.json track_by_element 'top / deflection track (all)' (R73.3)
A37: Parapet top track | B37: LF | C37: 269.38 | D37: =Inputs!$B$5 -> 0.15 | E37: =C37*D37 -> 40.407 | F37: =C37+E37 -> 309.787 | G37: run 10 ft | H37: =ROUNDUP(F37/Inputs!$B$11,0) -> 31 | I37: familias_out.json track_by_element 'top / deflection track (all)' (R73.3)
A38: Top / deflection track - other framing (not a partition type, see source) | B38: LF | C38: 66.17 | D38: =Inputs!$B$5 -> 0.15 | E38: =C38*D38 -> 9.9255 | F38: =C38+E38 -> 76.0955 | G38: run 10 ft | H38: =ROUNDUP(F38/Inputs!$B$11,0) -> 8 | I38: familias_out.json track_by_element 'top / deflection track (all)' (R73.3)
A39: Top / deflection track 3-5/8" | B39: LF | C39: 248.19 | D39: =Inputs!$B$5 -> 0.15 | E39: =C39*D39 -> 37.2285 | F39: =C39+E39 -> 285.4185 | G39: run 10 ft | H39: =ROUNDUP(F39/Inputs!$B$11,0) -> 29 | I39: familias_out.json track_by_element 'top / deflection track (all)' (R73.3)
A40: Top track - roof step and heads (vestibule / bulkhead) | B40: LF | C40: 176.84 | D40: =Inputs!$B$5 -> 0.15 | E40: =C40*D40 -> 26.526 | F40: =C40+E40 -> 203.366 | G40: run 10 ft | H40: =ROUNDUP(F40/Inputs!$B$11,0) -> 21 | I40: familias_out.json track_by_element 'top / deflection track (all)' (R73.3)
A41: Top / deflection track 1-5/8" | B41: LF | C41: 291.42 | D41: =Inputs!$B$5 -> 0.15 | E41: =C41*D41 -> 43.713 | F41: =C41+E41 -> 335.133 | G41: run 10 ft | H41: =ROUNDUP(F41/Inputs!$B$11,0) -> 34 | I41: familias_out.json track_by_element 'top / deflection track (all)' (R73.3)
A42: Exterior sheathing 5/8" FRT plywood bonded to polyiso (nailbase) | B42: SF | C42: 4037.43 | D42: =Inputs!$B$6 -> 0.06 | E42: =C42*D42 -> 242.2458 | F42: =C42+E42 -> 4279.6758 | G42: 4x12 ft sheet (Inputs) | H42: =ROUNDUP(F42/Inputs!$B$9,0) -> 90 | I42: familias_out.json FRT plywood by material; canon rows
A43: FRT plywood substrate (3/4 in.) | B43: SF | C43: 511.32 | D43: =Inputs!$B$6 -> 0.06 | E43: =C43*D43 -> 30.6792 | F43: =C43+E43 -> 541.9992 | G43: 4x12 ft sheet (Inputs) | H43: =ROUNDUP(F43/Inputs!$B$9,0) -> 12 | I43: familias_out.json FRT plywood by material; canon rows
A44: FRT plywood substrate (5/8 in.) | B44: SF | C44: 35.48 | D44: =Inputs!$B$6 -> 0.06 | E44: =C44*D44 -> 2.1288 | F44: =C44+E44 -> 37.6088 | G44: 4x12 ft sheet (Inputs) | H44: =ROUNDUP(F44/Inputs!$B$9,0) -> 1 | I44: familias_out.json FRT plywood by material; canon rows
A45: 5/8" FRT plywood sheathing (canopy and soffits) | B45: SF | C45: 446.65 | D45: =Inputs!$B$6 -> 0.06 | E45: =C45*D45 -> 26.799 | F45: =C45+E45 -> 473.449 | G45: 4x12 ft sheet (Inputs) | H45: =ROUNDUP(F45/Inputs!$B$9,0) -> 10 | I45: familias_out.json FRT plywood by material; canon rows
A46: Sealant at base of gypsum (exterior, not acoustical) | B46: LF | C46: 215.07 | D46: =Inputs!$B$6 -> 0.06 | E46: =C46*D46 -> 12.9042 | F46: =C46+E46 -> 227.9742 | G46: tube (25 LF per tube) | H46: =ROUNDUP(F46/Inputs!$B$15,0) -> 10 | I46: familias_out.json acoustical sealant rows 'base of gypsum (exterior)'
A47: Hanger wire 12 ga - hanger count (one per hanger, height per room) | B47: PCS | C47: 113 | D47: 0 | E47: =C47*D47 -> 0 | F47: =C47+E47 -> 113 | H47: =ROUNDUP(F47,0) -> 113 | I47: familias_out.json hanger_pcs.total_pcs; wire bought on the LF row
A48: Additional head track at openings over 4'-0" wide | B48: LF | C48: 56 | D48: =Inputs!$B$5 -> 0.15 | E48: =C48*D48 -> 8.4 | F48: =C48+E48 -> 64.4 | G48: run 10 ft | H48: =ROUNDUP(F48/Inputs!$B$11,0) -> 7 | I48: accesorios.py [CRITERION]: 2/S5.20 HEAD TRACK @ NON LOAD BRG: ADD FULL LENGTH ADDL HEAD TRACK @ OPNG > 4'-0"; 9/S5.20 HEAD TRACK (DOUBLE TRACK @ OPNG > 4'-0"); Estimator user decision #1: R.O. + 1'-4" (8" bearing each side)
A49: Stud reinforcement at MEP penetrations | B49: PCS | C49: 37 | D49: 0 | E49: =C49*D49 -> 0 | F49: =C49+E49 -> 37 | G49: each | H49: =ROUNDUP(F49,0) -> 37 | I49: accesorios.py [CRITERION]: 6/S5.20; M01.01; 6/S5.20; M01.01 p.76, mep.cruces over A02.01 bands (registro dx -571.92 dy 21.84); 6/S5.20; 6/S5.20; manual sweep of M01.01 over the registered A02.01 bands (same registro); 6/S5.20; 6/S5.20; P01.02 p.92 / P01.01 p.91 place
A50: Extra framing - sistered stud and furring at the ATM recess | B50: LF | C50: 61.92 | D50: =Inputs!$B$5 -> 0.15 | E50: =C50*D50 -> 9.288 | F50: =C50+E50 -> 71.208 | G50: stick 20 ft | H50: =ROUNDUP(F50/Inputs!$B$10,0) -> 4 | I50: accesorios.py [CRITERION]: 6/A08.11
A51: 2-1/2" CFMF @ 16" O.C. at coiling grille head (4/A08.21) | B51: LF | C51: 11.38 | D51: =Inputs!$B$5 -> 0.15 | E51: =C51*D51 -> 1.707 | F51: =C51+E51 -> 13.087 | G51: stick 20 ft | H51: =ROUNDUP(F51/Inputs!$B$10,0) -> 1 | I51: accesorios.py [DERIVED]: 4/A08.21 '6" CFMF BOX BEAM HEADER' x2, '2 1/2" CFMF @ 16" O.C.', '5/8" GYP. BD., TYP.'
A52: Gypsum board jamb return at openings | B52: SF | C52: 67.16 | D52: =Inputs!$B$6 -> 0.06 | E52: =C52*D52 -> 4.0296 | F52: =C52+E52 -> 71.1896 | G52: 4x12 ft sheet (Inputs) | H52: =ROUNDUP(F52/Inputs!$B$9,0) -> 2 | I52: accesorios.py [CRITERION]: Estimator criterion (return width = 6" stud depth, not dimensioned; RFI with delta at 0.20 ft)
A53: PVC trim - edge trim molding and inside corner molding at the FRP | B53: LF | C53: 221.49 | D53: =Inputs!$B$6 -> 0.06 | E53: =C53*D53 -> 13.2894 | F53: =C53+E53 -> 234.7794 | G53: trim stick 10 ft | H53: =ROUNDUP(F53/Inputs!$B$18,0) -> 24 | I53: accesorios.py [DERIVED]: A-D/A08.01 '5'-0" TO TOP OF FRP' measured from top of the 6" cove base (the 6" dimension sits below it) - 53.9.1; WC-3 FIBER REINFORCED PLASTIC PANEL (A00.40 / A08.01 finish schedule); 1/A08.01 room polygon: rectangle with one step at the l
A54: Power-driven fasteners and duct sleeves | B54: PCS | C54: 325 | D54: 0 | E54: =C54*D54 -> 0 | F54: =C54+E54 -> 325 | G54: each | H54: =ROUNDUP(F54,0) -> 325 | I54: accesorios.py [DERIVED]: 11/S5.10 PARAPET INFILL FRAMING: PAFs SPACED AT 12" O.C. MAX.; M01.01; M01.01 p.76, mep.cruces over A02.01 bands (registro dx -571.92 dy 21.84); 6/S5.20; manual sweep of M01.01 over the registered A02.01 bands (same registro); 6/S5.20
A55: Access panel 2' x 2' | B55: PCS | C55: 1 | D55: 0 | E55: =C55*D55 -> 0 | F55: =C55+E55 -> 1 | G55: each | H55: =ROUNDUP(F55,0) -> 1 | I55: accesorios.py [CONFIRMED]: A04.01 key note 4
A56: Drywall screws 1-1/4" bugle head | B56: PCS | C56: 21643.22 | D56: 0 | E56: =C56*D56 -> 0 | F56: =C56+E56 -> 21643.22 | G56: each | H56: =ROUNDUP(F56,0) -> 21644 | I56: accesorios.py [DERIVED]: Inputs!B20 (Drywall screws per SF of board = 1.2) x 18036 SF of board | J56: =Inputs!$B$20*18036 -> 21643.2
A57: Framing screws, pan head self-drilling | B57: PCS | C57: 7144 | D57: 0 | E57: =C57*D57 -> 0 | F57: =C57+E57 -> 7144 | G57: each | H57: =ROUNDUP(F57,0) -> 7144 | I57: accesorios.py [DERIVED]: Inputs!B21 (Framing screws per stud piece = 4) x 1786 stud pieces | J57: =Inputs!$B$21*1786 -> 7144
A58: Power-driven fasteners, slab pins for the bottom track | B58: PCS | C58: 532.79 | D58: 0 | E58: =C58*D58 -> 0 | F58: =C58+E58 -> 532.79 | G58: each | H58: =ROUNDUP(F58,0) -> 533 | I58: accesorios.py [DERIVED]: 532.79 LF of interior bottom track on slab / Inputs!B22 (Power-driven pin spacing (ft) = 1) | J58: =532.79/Inputs!$B$22 -> 532.79
A59: Expansion anchors Hilti 1/4" Kwik Bolt II, exterior bottom track @ 8" O.C. | B59: PCS | C59: 322.58 | D59: 0 | E59: =C59*D59 -> 0 | F59: =C59+E59 -> 322.58 | G59: each | H59: =ROUNDUP(F59,0) -> 323 | I59: accesorios.py [DERIVED]: 215.07 LF of exterior bottom track on slab / Inputs!B25 (Expansion anchor spacing (ft) = 0.6667) | J59: =215.07/Inputs!$B$25 -> 322.58887
A60: Joint compound, all purpose | B60: LB | C60: 1298.59 | D60: 0 | E60: =C60*D60 -> 0 | F60: =C60+E60 -> 1298.59 | G60: lb | H60: =ROUNDUP(F60,0) -> 1299 | I60: accesorios.py [DERIVED]: Inputs!B23 (Joint compound (lb per SF) = 0.072) x 18036 SF of board | J60: =Inputs!$B$23*18036 -> 1298.592
A61: Joint tape, paper | B61: LF | C61: 6673.33 | D61: 0 | E61: =C61*D61 -> 0 | F61: =C61+E61 -> 6673.33 | G61: LF | H61: =ROUNDUP(F61,0) -> 6674 | I61: accesorios.py [DERIVED]: Inputs!B24 (Joint tape (LF per SF) = 0.37) x 18036 SF of board | J61: =Inputs!$B$24*18036 -> 6673.32
A62: Level 5 finish | B62: SF | C62: 880.91 | D62: =Inputs!$B$6 -> 0.06 | E62: =C62*D62 -> 52.8546 | F62: =C62+E62 -> 933.7646 | G62: SF | H62: =ROUNDUP(F62,0) -> 934 | I62: accesorios.py [CRITERION]: 1/A11.04; A00.40 WC-18 'WALL SURFACE TO BE LEVEL 5'; A05.01 WC-18 tag; 6/A11.01; A00.40 WC-18 'WALL SURFACE TO BE LEVEL 5'; A05.01 WC-18 tag; 5/A11.04; A00.40 WC-18 'WALL SURFACE TO BE LEVEL 5'; A05.01 WC-18 tag; 11/A11.04; A00.40 WC-18 'WA
A63: Deflection clips at non-load-bearing walls to structure | B63: PCS | C63: 0 | D63: 0 | E63: =C63*D63 -> 0 | F63: =C63+E63 -> 0 | G63: each | H63: =ROUNDUP(F63,0) -> 0 | I63: accesorios.py [CRITERION]: S1.11 LIGHT GAUGE STEEL FRAMING note 2: PROVIDE MANUFACTURER'S STANDARD VERTICAL DEFLECTION CLIPS AT NON-LOAD-BEARING WALLS (max 1 inch movement); 1/A12.01, 3/A12.01, 4/A12.01, 8/A12.01, 9/A12.01 (CONTINUOUS / CONT. SLIP TRACK); 10/S5.10 an

Sheet Pending Items
A1: RFI | B1: Question / condition | C1: Delta of each alternative
A2: RFI-ACC-additional-head-track | B2: additional head track: openings with their own box (openings_extra) > 4'-0": do they also take the additional head track of 2/S5.20? | C2: 106.3 lf
A3: RFI-ACC-stud-reinforcement-mep | B3: stud reinforcement MEP: plates at double-row stud walls: one per cut row (R72.9) vs one per crossing | C3: -9 pcs
A4: RFI-ACC-stud-reinforcement-mep-2 | B4: stud reinforcement MEP: crossings read by hand (not found by mep.cruces): confirm each one on the M / P sheets (R73.5) | C4: 35 pcs
A5: RFI-ACC-stud-reinforcement-mep-3 | B5: stud reinforcement MEP: duct / fire damper openings listed outside the registered MEP sweep (R73.5) | C5: 6 pcs
A6: RFI-ACC-extra-framing-atm | B6: extra framing ATM: ATM-DU: ATM recess not fully dimensioned (width CRITERION, sistered height DERIVED, furring rows CRITERION) | C6: -39.5 lf
A7: RFI-ACC-gypsum-board-jamb-return | B7: gypsum board jamb return: jamb return width not dimensioned | C7: -40.29 sf
A8: RFI-ACC-expansion-anchors | B8: expansion anchors: untagged parts of piers / boxes (AE-41, AE-42) without anchorage in the schedule (R72.8) | C8: 9.91 pcs
A9: RFI-ACC-slab-pins | B9: slab pins: pin spacing: 12" (interior anchorage) vs 16" (fastener schedule) vs 24" (type K box) | C9: 16in: -133.2 pcs; 24in: -266.4 pcs
A10: RFI-ACC-deflection-clips | B10: deflection clips: deflection clips: the general note asks for them at non-load-bearing walls and the partition details draw a slip / deflection track (R73.6) | C10: 534 pcs
A11: A_CEIL-RFI-01 | B11: Suspended GWB ceiling framing (Vestibule 100, 24 HR Vestibule 101, Waiting 104, Restrooms 113/114) [A04.01, A09.33] | C11: carrying E-W instead of N-S: furring -39.2 LF, carrying +6.7 LF, hangers +0 PCS (N-S: furring 807.6 / carrying 316.0 LF / 113 hangers; E-W: 768.4 / 322.7 / 113)
A12: A_CEIL-RFI-02 | B12: B.O.D. of the zone between grids E and B [S2.20, H/A09.23, J/A09.23] | C12: if the E-B zone were at 13'-0 5/8": transition vertical studs -2.323 ft each (AC-07..09 are in F-B), CSR soffit sides north part 7.375 -> 5.052 ft (AC-10, AC-12)
... A103: DOCS-RFI-04 | B103: A05.01 key note 4 'tile into niche under printer cabinet millwork': read as floor tile [A05.01 key note 4; docs/04_conditional_notes.md] Carried: no cement board at the niche. | C103: + niche wall area SF cement board (not dimensioned; small)

Sheet Review Items
A1: # | B1: Item | C1: Sheet + detail | D1: Image
A2: 1 | B2: Piers NW (AE-41, A2-20): two readings differ; carried the larger (CONC-RFI-01, CONC-RFI-04) | C2: 1/A09.25 | D2: /home/user/boa24a/work/etapas/3_revision/img_resolucion/res_26_33_34_pier_NW.png
A3: 2 | B3: Piers NE (AE-42, A2-21): two readings differ; carried the larger (CONC-RFI-02, CONC-RFI-03) | C3: 2/A09.25 | D3: /home/user/boa24a/work/etapas/3_revision/img_resolucion/res_27_33_pier_NE.png
A4: 3 | B4: B2K tag (PC0011) not in the partition schedule: carried as B2 + ballistic + 3/8" (RFI-C07) | C4: A02.01; A12.01 | D4: /home/user/boa24a/work/etapas/3_revision/img_resolucion/res_11_B2K.png
A5: 4 | B5: A1K stud spacing @ 16" vs @ 24" (RFI-C02) | C5: 4/A12.01; 7/S5.20 | D5: /home/user/boa24a/work/etapas/2_lectura/A/img/A_CONST/det4_A1201.png
A6: 5 | B6: Office front run ends: wall-to-wall carried vs jamb-to-jamb (RFI-OPEN-04, A3-RFI-02) | C6: 8/A12.01; 9/A12.01; 10/A12.01 | D6: /home/user/boa24a/work/etapas/2_lectura/A/img/A_INT_F/office_fronts_runs.png
A7: 6 | B7: ATM extra framing: single source 61.92 LF, criterion (RFI-ACC-05) | C7: 5/A08.11; 6/A08.11 | D7: /home/user/boa24a/work/etapas/2_lectura/A/img/A_ACC/atm_6_A08.11.png
A8: 7 | B8: Exterior studs interrupted at canopy beams? carried continuous (RFI-AE-02, about -189 LF 6" stud) | C8: D/A09.22; H/A09.23; S2.20 | D8: /home/user/boa24a/work/adversarial/img/APLICA/ADV1-2_D-A0922_zoom.png
A9: 8 | B9: Board to deck vs stop under beam (RFI-ADV-01, -225.66 SF if stops) | C9: 8/A12.01; 9/A12.01 | D9: /home/user/boa24a/work/adversarial/img/APLICA/ADV1-1_9-A1201_board_to_deck.png
A10: 9 | B10: Corner bead at corners hidden by casework (RFI-ADV-03, about -46.74 LF) | C10: A02.01; A04.01 | D10: /home/user/boa24a/work/adversarial/img/APLICA/F2_corners_calling_cubes.png
A11: 10 | B11: Deflection clips per S1.11 note 2 (+534 pcs) vs slip track per 8,9/A12.01 (against R73.6); see review folder file adversarial_contra_regla.md | C11: S1.11; 8/A12.01 | D11: /home/user/boa24a/work/adversarial/img/S111_LGSF_note2_deflection_clips.png
A12: 11 | B12: 2X wood blocking per 3/P00.01 carried as metal (REG-RFI-01; gate rule 54.3) | C12: 3/P00.01 | D12: /home/user/boa24a/work/adversarial/img/APLICA/ADV3-F7_3-P0001_2X_blocking.png
A13: 12 | B13: Bulkhead transition trim: 4 pieces carried; alt. 2 LF per LF = -154.05 LF (A_CEIL-RFI-04) | C13: 8/A09.33 | D13: /home/user/boa24a/work/adversarial/img/F4_bulkhead_8_A0933.png
... A15: 14 | B15: Tool proposals (no tool modified): header LF from schedule; fos_chain with unequal faces; see review folder files propuesta_*.md | C15: 7/S5.20; A02.01 | D15: /home/user/boa24a/work/etapas/2_lectura/A/img/A_CONST/det4_A1201.png

Sheet Scope Checklist
A1: Scope ID | B1: Scope | C1: Status | D1: Note (quantity, NOT APPLICABLE + sheet, or RFI)
A2: ALC-01 | B2: Interior partition framing (studs + tracks) | C2: QUANTIFIED | D2: 3-5/8" / 6" / 1-5/8" studs and bottom / top track from canon.py (types A1, A1K, A5, B, B2, B2K, C1, F, G, G1; 3/A12.01, 4/A12.01, 1/A12.01, 5/A12.01, 6/A12.01, 12/A12.01)
A3: ALC-02 | B3: Exterior wall framing (CFMF) | C3: QUANTIFIED | D3: 6" CFMF exterior walls, one per axis (C/A09.21, D/A09.22, F/A09.22, H/A09.23; S1.11)
A4: ALC-03 | B4: Parapet framing | C4: QUANTIFIED | D4: 6" parapet infill bay by bay between HSS posts (11/S5.10, A02.02, E3)
A5: ALC-04 | B5: Top / deflection and bottom track | C5: QUANTIFIED | D5: Bottom and top / slip track by stud size and element (track_by_element, canon.py; 1/A12.01, 3/A12.01, 10/S5.10)
A6: ALC-05 | B6: Headers, sills and jambs at openings | C6: QUANTIFIED | D6: Header / box beam by pieces and sill track (headers.py; 7/S5.20, 2/S5.20, 11/A09.27, 8/A12.01, 9/A12.01)
A7: ALC-06 | B7: Bracing / bridging | C7: QUANTIFIED | D7: 1-1/2" C.R. channel bracing @ 48" (F/1/S5.20), corridas.py
A8: ALC-07 | B8: Gypsum board on walls (layers per type) | C8: QUANTIFIED | D8: 5/8" gypsum board face by face (board_caras.py; A12.01 type details)
A9: ALC-08 | B9: Moisture / abuse / special board at wet zones | C9: QUANTIFIED | D9: 5/8" MR board behind toilets and lavatories only, chase faces (F/A08.01 note F, A08.01)
A10: ALC-09 | B10: Exterior gypsum / glass mat sheathing | C10: QUANTIFIED | D10: 5/8" glass mat sheathing (5/A09.26, 7/A09.26) and 5/8" exterior gypsum sheathing at parapets (4/A09.26)
A11: ALC-10 | B11: FRT plywood sheathing / substrate | C11: QUANTIFIED | D11: FRT plywood by material and use (nailbase, canopy, backboards, type F public side; A09.26, A09.27, 12/A12.01, A11.03)
A12: ALC-11 | B12: Gypsum board ceilings | C12: QUANTIFIED | D12: Suspended GWB ceilings room by room (A04.01 RCP; legend NEW SUSPENDED GYPSUM WALL BOARD)
... A26: ALC-X25 | B26: batt insulation | C26: NOT APPLICABLE | D26: EXCLUDED (estimator criterion: no insulation)

Sheet _reglas
A1: reglas.py compuerta OK
A2: {"canon": "e7cd2f8abb47215f7561cb9a415f28c1f33fca8a57ca9d204c7e8c0b117c3d69", "evidencias": "08f9a091cd35722af4dee9c7cac662c91ef3c3b0b1a76b6cecc1fb010b71e5dc", "familias_out": "a9b7b5657b359ee4df34d8f14f253ca16b0e346b61da00e9a262d7690b0e8f26", "reglas": "28a2ca4a03e7a9b91a037023d0edd1e9d6699793a03b78fcb116fb62e917daa4", "version": "v73"}
