Workbook

Sheet Inputs
A1: Bank of America - Broomfield, CO (CO1-111) | METAL FRAMING & DRYWALL TAKEOFF
A2: Bid set: 2025.08.26_CO1-111_Broomfield_PERMIT SET_BID SET.pdf · 2026-10-15 · Edit ONLY the yellow cells.
A3: PARAMETER | B3: VALUE | C3: NOTE / SOURCE
A4: Waste - ALL METAL, any type | B4: 0.15 | C4: Estimator standing rule.
A5: Waste - EVERYTHING THAT IS NOT METAL | B5: 0.06 | C5: Same figure as board.
A6: Board sheet width (ft) | B6: 4
A7: Board sheet length (ft) | B7: 12
A8: SF per board sheet | B8: =B6*B7 -> 48 | C8: Width x length.
A9: Stud stock length (ft) | B9: 20
A10: Track stock length (ft) | B10: 10

Sheet Partition Takeoff
A1: ORGANIZED PARTITION TAKEOFF - Bank of America - Broomfield, CO (CO1-111)
A2: Grouped by partition type. Every row cites its DETAIL/SHEET and its status.
A4: Partition / Scope | B4: Wall # | C4: Length (LF) | D4: Height (FT) | E4: Layers | F4: Stud Size | G4: Stud O.C. (in) | H4: Board (SF) | I4: Location | J4: Source (DETAIL/SHEET) | K4: Status
A5: TYPE A1
A6: A1 #1 - Calling Cubes 122 north wall (incl. MW01 niche back) || 122 Calling Cubes: 1 x 5/8" GB to 9.0 ft | 104 Waiting (GB island): 1 x 5/8" GB to 11.5 ft || sello d0071506edff939d | B6: 1 | C6: 16.42 | D6: 15.375 | E6: 2 | F6: 3-5/8" | G6: 16 | H6: 336.61 | I6: Calling Cubes 122 north wall (incl. MW01 niche back) || 122 Calling Cubes: 1 x 5/8" GB to 9.0 ft | 104 Waiting (GB island): 1 x 5/8" GB to 11.5 ft || sello d0071506edff939d | J6: A02.01 -> 3/A12.01 -> 7/S5.20 -> 1/S5.20 | K6: [DERIVADO]
A7: A1 #2 - MW01 niche east wall || 122 Calling Cubes: 1 x 5/8" GB to 9.0 ft | 103 Central Zone: 1 x 5/8" GB to 12.0 ft || sello c8b927050a8b0ac4 | B7: 2 | C7: 3.53 | D7: 15.375 | E7: 2 | F7: 3-5/8" | G7: 16 | H7: 74.2 | I7: MW01 niche east wall || 122 Calling Cubes: 1 x 5/8" GB to 9.0 ft | 103 Central Zone: 1 x 5/8" GB to 12.0 ft || sello c8b927050a8b0ac4 | J7: A02.01 -> 3/A12.01 -> 7/S5.20 -> 1/S5.20 | K7: [DERIVADO]
A8: A1 #3 - MW01 niche south wall at FEC-1 || 122 Calling Cubes: 1 x 5/8" GB to 9.0 ft | 103 Central Zone: 1 x 5/8" GB to 12.0 ft || sello 5cd642dbe1dd5c6e | B8: 3 | C8: 3.03 | D8: 15.375 | E8: 2 | F8: 3-5/8" | G8: 16 | H8: 63.7 | I8: MW01 niche south wall at FEC-1 || 122 Calling Cubes: 1 x 5/8" GB to 9.0 ft | 103 Central Zone: 1 x 5/8" GB to 12.0 ft || sello 5cd642dbe1dd5c6e | J8: A02.01 -> 3/A12.01 -> 7/S5.20 -> 1/S5.20 | K8: [DERIVADO]
A9: A1 #4 - Corridor 111 stub east of Restroom 114 door || 103 Central Zone: 1 x 5/8" GB to 12.0 ft | 111 Corridor: 1 x 5/8" GB to 9.0 ft || sello 7d2691b56bc90b22 | B9: 4 | C9: 1.47 | D9: 15.375 | E9: 2 | F9: 3-5/8" | G9: 16 | H9: 30.94 | I9: Corridor 111 stub east of Restroom 114 door || 103 Central Zone: 1 x 5/8" GB to 12.0 ft | 111 Corridor: 1 x 5/8" GB to 9.0 ft || sello 7d2691b56bc90b22 | J9: A02.01 -> 3/A12.01 -> 7/S5.20 -> 1/S5.20 | K9: [DERIVADO]
A10: A1 #5 - Calling Cubes 122 south wall / Corridor 111 / Break Room 118 || 122 Calling Cubes: 1 x 5/8" GB to 9.0 ft | 118 Break Room: 1 x 5/8" GB to 9.0 ft || sello ac8dc76f483eac60 | B10: 5 | C10: 15.62 | D10: 13.052 | E10: 2 | F10: 3-5/8" | G10: 16 | H10: 281.16 | I10: Calling Cubes 122 south wall / Corridor 111 / Break Room 118 || 122 Calling Cubes: 1 x 5/8" GB to 9.0 ft | 118 Break Room: 1 x 5/8" GB to 9.0 ft || sello ac8dc76f483eac60 | J10: A02.01 -> 3/A12.01 -> 7/S5.20 -> 1/S5.20 | K10: [DERIVADO]
A11: A1 #6 - Break Room 118 north jog at door 118A (vertical) || 118 Break Room: 1 x 5/8" GB to 9.0 ft | Corridor at 116/118A (ACT-4 9 ft): 1 x 5/8" GB to 9.5 ft || sello 4cedc9b9c55fbf77 | B11: 6 | C11: 2.14 | D11: 13.052 | E11: 2 | F11: 3-5/8" | G11: 16 | H11: 39.59 | I11: Break Room 118 north jog at door 118A (vertical) || 118 Break Room: 1 x 5/8" GB to 9.0 ft | Corridor at 116/118A (ACT-4 9 ft): 1 x 5/8" GB to 9.5 ft || sello 4cedc9b9c55fbf77 | J11: A02.01 -> 3/A12.01 -> 7/S5.20 -> 1/S5.20 | K11: [DERIVADO]
A12: A1 #7 - Break Room 118 north jog at door 118A (horizontal) || 118 Break Room: 1 x 5/8" GB to 9.0 ft | Corridor at 116/118A (ACT-4 9 ft): 1 x 5/8" GB to 9.5 ft || sello 1d1fa2607700450e | B12: 7 | C12: 1.3 | D12: 13.052 | E12: 2 | F12: 3-5/8" | G12: 16 | H12: 24.05 | I12: Break Room 118 north jog at door 118A (horizontal) || 118 Break Room: 1 x 5/8" GB to 9.0 ft | Corridor at 116/118A (ACT-4 9 ft): 1 x 5/8" GB to 9.5 ft || sello 1d1fa2607700450e | J12: A02.01 -> 3/A12.01 -> 7/S5.20 -> 1/S5.20 | K12: [DERIVADO]
A13: A1 #8 - Corridor 111 east = Electrical 120 / NER 121 west wall || 111 Corridor: 1 x 5/8" GB to 9.0 ft | 120 Electrical: 1 x 5/8" GB to 13.05 ft || sello b822229dc2452645 | B13: 8 | C13: 17.06 | D13: 13.052 | E13: 2 | F13: 3-5/8" | G13: 16 | H13: 376.21 | I13: Corridor 111 east = Electrical 120 / NER 121 west wall || 111 Corridor: 1 x 5/8" GB to 9.0 ft | 120 Electrical: 1 x 5/8" GB to 13.05 ft || sello b822229dc2452645 | J13: A02.01 -> 3/A12.01 -> 7/S5.20 -> 1/S5.20 | K13: [DERIVADO]
A14: A1 #9 - Work Room 119 north wall || 119 Work Room: 1 x 5/8" GB to 9.0 ft | Corridor at 116/118A (ACT-4 9 ft): 1 x 5/8" GB to 9.5 ft || sello 36e13db3828c15d3 | B14: 9 | C14: 8.17 | D14: 13.052 | E14: 2 | F14: 3-5/8" | G14: 16 | H14: 151.09 | I14: Work Room 119 north wall || 119 Work Room: 1 x 5/8" GB to 9.0 ft | Corridor at 116/118A (ACT-4 9 ft): 1 x 5/8" GB to 9.5 ft || sello 36e13db3828c15d3 | J14: A02.01 -> 3/A12.01 -> 7/S5.20 -> 1/S5.20 | K14: [DERIVADO]
A15: A1 #10 - Men's Restroom 113 urinal wall at chase east end (untagged, note A) || 113 Men: 1 x 5/8" GB to 9.0 ft | 114 Women: 1 x 5/8" GB to 9.0 ft || sello c92485a88154cc00 | B15: 10 | C15: 4.89 | D15: 13.052 | E15: 1.63 | F15: 3-5/8" | G15: 16 | H15: 71.88 | I15: Men's Restroom 113 urinal wall at chase east end (untagged, note A) || 113 Men: 1 x 5/8" GB to 9.0 ft | 114 Women: 1 x 5/8" GB to 9.0 ft || sello c92485a88154cc00 | J15: A02.01 -> 3/A12.01 -> 7/S5.20 -> 1/S5.20 | K15: [DERIVADO]
A16: A1 #11 - Restroom 114 jog to B2 at urinal niche north (untagged) || 114 Women: 1 x 5/8" GB to 9.0 ft | 111 Corridor: 1 x 5/8" GB to 9.0 ft || sello d70ac06450239353 | B16: 11 | C16: 1.9 | D16: 13.052 | E16: 2 | F16: 3-5/8" | G16: 16 | H16: 34.2 | I16: Restroom 114 jog to B2 at urinal niche north (untagged) || 114 Women: 1 x 5/8" GB to 9.0 ft | 111 Corridor: 1 x 5/8" GB to 9.0 ft || sello d70ac06450239353 | J16: A02.01 -> 3/A12.01 -> 7/S5.20 -> 1/S5.20 | K16: [DERIVADO]
A17: A1 #12 - Restroom 113 jog to B2 at urinal niche south (untagged) || 113 Men: 1 x 5/8" GB to 9.0 ft | 111 Corridor: 1 x 5/8" GB to 9.0 ft || sello 3fff140bddcb3578 | B17: 12 | C17: 1.9 | D17: 13.052 | E17: 2 | F17: 3-5/8" | G17: 16 | H17: 34.2 | I17: Restroom 113 jog to B2 at urinal niche south (untagged) || 113 Men: 1 x 5/8" GB to 9.0 ft | 111 Corridor: 1 x 5/8" GB to 9.0 ft || sello 3fff140bddcb3578 | J17: A02.01 -> 3/A12.01 -> 7/S5.20 -> 1/S5.20 | K17: [DERIVADO]
A18: TYPE A1K
A19: A1K #13 - Cash Window 116 north (Kevlar) || 116 Cash Window (teller side): 1 x 5/8" GB to 15.38 ft | Customer side (behind G #41): 1 x 5/8" GB to 15.38 ft || sello f4be4d34b2d3145f | B19: 13 | C19: 3.41 | D19: 15.375 | E19: 2 | F19: 3-5/8" | G19: 24 | H19: 104.94 | I19: Cash Window 116 north (Kevlar) || 116 Cash Window (teller side): 1 x 5/8" GB to 15.38 ft | Customer side (behind G #41): 1 x 5/8" GB to 15.38 ft || sello f4be4d34b2d3145f | J19: A02.01 -> 4/A12.01 -> 7/S5.20 -> 1/S5.20 | K19: [DERIVADO]
A20: A1K #14 - Cash Window 116 south (Kevlar) || 116 Cash Window (teller side): 1 x 5/8" GB to 13.05 ft | Customer side (Future FCAM / 118A): 1 x 5/8" GB to 13.05 ft || sello 254a7bd2f04507c7 | B20: 14 | C20: 3.41 | D20: 13.052 | E20: 2 | F20: 3-5/8" | G20: 24 | H20: 89.1 | I20: Cash Window 116 south (Kevlar) || 116 Cash Window (teller side): 1 x 5/8" GB to 13.05 ft | Customer side (Future FCAM / 118A): 1 x 5/8" GB to 13.05 ft || sello 254a7bd2f04507c7 | J20: A02.01 -> 4/A12.01 -> 7/S5.20 -> 1/S5.20 | K20: [DERIVADO]
A21: A1K #15 - Cash Window 116 south-west leg at door 118A (Kevlar) || Corridor at 116/118A (ACT-4 9 ft) customer side N: 1 x 5/8" GB to 13.05 ft | Customer side (118A) S: 1 x 5/8" GB to 13.05 ft || sello d06eaf155297aac8 | B21: 15 | C21: 2.24 | D21: 13.052 | E21: 2 | F21: 3-5/8" | G21: 24 | H21: 58.48 | I21: Cash Window 116 south-west leg at door 118A (Kevlar) || Corridor at 116/118A (ACT-4 9 ft) customer side N: 1 x 5/8" GB to 13.05 ft | Customer side (118A) S: 1 x 5/8" GB to 13.05 ft || sello d06eaf155297aac8 | J21: A02.01 -> 4/A12.01 -> 7/S5.20 -> 1/S5.20 | K21: [DERIVADO]
A22: TYPE A5
A23: A5 #16 - Calling Cubes 122 east wall || 122 Calling Cubes: 1 x 5/8" GB to 9.0 ft | 103 Central Zone: 1 x 5/8" GB to 12.0 ft | Corridor at 116/118A (ACT-4 9 ft): 1 x 5/8" GB to 9.5 ft || sello f9cf1182ba9a23a2 | B23: 16 | C23: 19 | D23: 14.897 | E23: 2 | F23: 6" | G23: 16 | H23: 371.34 | I23: Calling Cubes 122 east wall || 122 Calling Cubes: 1 x 5/8" GB to 9.0 ft | 103 Central Zone: 1 x 5/8" GB to 12.0 ft | Corridor at 116/118A (ACT-4 9 ft): 1 x 5/8" GB to 9.5 ft || sello f9cf1182ba9a23a2 | J23: A02.01 -> 3/A12.01 -> 7/S5.20 -> 1/S5.20 | K23: [DERIVADO]
A24: A5 #17 - Calling Cubes 122 west wall at MW07 || 122 Calling Cubes: 1 x 5/8" GB to 9.0 ft | 103 Central Zone: 1 x 5/8" GB to 12.0 ft || sello 2620f487fabd6d7f | B24: 17 | C24: 10.59 | D24: 15.375 | E24: 2 | F24: 6" | G24: 16 | H24: 222.46 | I24: Calling Cubes 122 west wall at MW07 || 122 Calling Cubes: 1 x 5/8" GB to 9.0 ft | 103 Central Zone: 1 x 5/8" GB to 12.0 ft || sello 2620f487fabd6d7f | J24: A02.01 -> 3/A12.01 -> 7/S5.20 -> 1/S5.20 | K24: [DERIVADO]
A25: A5 #18 - Corridor 111 jamb wall at door 111 || 122 Calling Cubes: 1 x 5/8" GB to 9.0 ft | 111 Corridor: 1 x 5/8" GB to 9.0 ft || sello e369e8d4a29f07d4 | B25: 18 | C25: 0.97 | D25: 15.375 | E25: 2 | F25: 6" | G25: 16 | H25: 17.4 | I25: Corridor 111 jamb wall at door 111 || 122 Calling Cubes: 1 x 5/8" GB to 9.0 ft | 111 Corridor: 1 x 5/8" GB to 9.0 ft || sello e369e8d4a29f07d4 | J25: A02.01 -> 3/A12.01 -> 7/S5.20 -> 1/S5.20 | K25: [DERIVADO]
A26: A5 #19 - Break Room 118 east at Future FCAM || 118 Break Room: 1 x 5/8" GB to 9.0 ft | Corridor at 116/118A (ACT-4 9 ft): 1 x 5/8" GB to 9.5 ft || sello c54617a6c1f43042 | B26: 19 | C26: 3.28 | D26: 13.052 | E26: 2 | F26: 6" | G26: 16 | H26: 60.68 | I26: Break Room 118 east at Future FCAM || 118 Break Room: 1 x 5/8" GB to 9.0 ft | Corridor at 116/118A (ACT-4 9 ft): 1 x 5/8" GB to 9.5 ft || sello c54617a6c1f43042 | J26: A02.01 -> 3/A12.01 -> 7/S5.20 -> 1/S5.20 | K26: [DERIVADO]
A27: TYPE B
A28: B #20 - Electrical 120 north wall (FEC-2 recess) || 118 Break Room: 1 x 5/8" GB to 13.05 ft | 120 Electrical: 1 x 5/8" GB to 13.05 ft || sello 4d6091bda8059fdb | B28: 20 | C28: 9.99 | D28: 13.052 | E28: 2 | F28: 3-5/8" | G28: 16 | H28: 260.7 | I28: Electrical 120 north wall (FEC-2 recess) || 118 Break Room: 1 x 5/8" GB to 13.05 ft | 120 Electrical: 1 x 5/8" GB to 13.05 ft || sello 4d6091bda8059fdb | J28: A02.01 -> 1/A12.01 -> 7/S5.20 -> 1/S5.20 | K28: [DERIVADO]
A29: B #21 - Electrical 120 / NER 121 demising || 120 Electrical: 1 x 5/8" GB to 13.05 ft | 121 NER: 1 x 5/8" GB to 13.05 ft || sello bd64610576e40fe6 | B29: 21 | C29: 9.58 | D29: 13.052 | E29: 2 | F29: 3-5/8" | G29: 16 | H29: 250.08 | I29: Electrical 120 / NER 121 demising || 120 Electrical: 1 x 5/8" GB to 13.05 ft | 121 NER: 1 x 5/8" GB to 13.05 ft || sello bd64610576e40fe6 | J29: A02.01 -> 1/A12.01 -> 7/S5.20 -> 1/S5.20 | K29: [DERIVADO]
A30: B #22 - Electrical 120 / NER 121 east wall (doors 120,121) || 120 Electrical / 121 NER: 1 x 5/8" GB to 13.05 ft | 118 Break Room: 1 x 5/8" GB to 13.05 ft || sello 85e5b987cebcf74e | B30: 22 | C30: 13.74 | D30: 13.052 | E30: 2 | F30: 3-5/8" | G30: 16 | H30: 263.12 | I30: Electrical 120 / NER 121 east wall (doors 120,121) || 120 Electrical / 121 NER: 1 x 5/8" GB to 13.05 ft | 118 Break Room: 1 x 5/8" GB to 13.05 ft || sello 85e5b987cebcf74e | J30: A02.01 -> 1/A12.01 -> 7/S5.20 -> 1/S5.20 | K30: [DERIVADO]
A31: B #23 - Restroom 113 south / Janitor-Storage north (door 112) || 113 Men: 1 x 5/8" GB to 13.05 ft | 112 Janitor: 1 x 5/8" GB to 13.05 ft || sello a8515e3d163b67ac | B31: 23 | C31: 12.33 | D31: 13.052 | E31: 2 | F31: 3-5/8" | G31: 16 | H31: 274.16 | I31: Restroom 113 south / Janitor-Storage north (door 112) || 113 Men: 1 x 5/8" GB to 13.05 ft | 112 Janitor: 1 x 5/8" GB to 13.05 ft || sello a8515e3d163b67ac | J31: A02.01 -> 1/A12.01 -> 7/S5.20 -> 1/S5.20 | K31: [DERIVADO]
A32: B #24 - Janitor 112 / Storage 117 demising || 112 Janitor: 1 x 5/8" GB to 13.05 ft | 117 Storage: 1 x 5/8" GB to 13.05 ft || sello 1ed3f131e7a04e96 | B32: 24 | C32: 3.5 | D32: 13.052 | E32: 2 | F32: 3-5/8" | G32: 16 | H32: 91.36 | I32: Janitor 112 / Storage 117 demising || 112 Janitor: 1 x 5/8" GB to 13.05 ft | 117 Storage: 1 x 5/8" GB to 13.05 ft || sello 1ed3f131e7a04e96 | J32: A02.01 -> 1/A12.01 -> 7/S5.20 -> 1/S5.20 | K32: [DERIVADO]
A33: B #25 - Janitor 112-Storage 117 south / Wellness 115 north || 112 Janitor: 1 x 5/8" GB to 13.05 ft | 115 Wellness: 1 x 5/8" GB to 13.05 ft || sello 7fe690636750ca33 | B33: 25 | C33: 11.73 | D33: 13.052 | E33: 2 | F33: 3-5/8" | G33: 16 | H33: 306.28 | I33: Janitor 112-Storage 117 south / Wellness 115 north || 112 Janitor: 1 x 5/8" GB to 13.05 ft | 115 Wellness: 1 x 5/8" GB to 13.05 ft || sello 7fe690636750ca33 | J33: A02.01 -> 1/A12.01 -> 7/S5.20 -> 1/S5.20 | K33: [DERIVADO]
A34: TYPE B2
A35: B2 #26 - ATM Room 102 east jamb wall at door 102 || 102 ATM Room: 1 x 5/8" GB to 15.38 ft | 103 Central Zone: 1 x 5/8" GB to 15.38 ft || sello 677005bf85f414eb | B35: 26 | C35: 1.5 | D35: 15.375 | E35: 2 | F35: 6" | G35: 16 | H35: 46.12 | I35: ATM Room 102 east jamb wall at door 102 || 102 ATM Room: 1 x 5/8" GB to 15.38 ft | 103 Central Zone: 1 x 5/8" GB to 15.38 ft || sello 677005bf85f414eb | J35: A02.01 -> 1/A12.01 -> 7/S5.20 -> 1/S5.20 | K35: [DERIVADO]
A36: B2 #27 - Women's Restroom 114 east (south of door 114) || 114 Women: 1 x 5/8" GB to 13.05 ft | 111 Corridor: 1 x 5/8" GB to 13.05 ft || sello da1e7a931f0156de | B36: 27 | C36: 1.82 | D36: 13.052 | E36: 2 | F36: 6" | G36: 16 | H36: 47.5 | I36: Women's Restroom 114 east (south of door 114) || 114 Women: 1 x 5/8" GB to 13.05 ft | 111 Corridor: 1 x 5/8" GB to 13.05 ft || sello da1e7a931f0156de | J36: A02.01 -> 1/A12.01 -> 7/S5.20 -> 1/S5.20 | K36: [DERIVADO]
A37: B2 #28 - Men's Restroom 113 east (north of door 113) || 113 Men: 1 x 5/8" GB to 13.05 ft | 111 Corridor: 1 x 5/8" GB to 13.05 ft || sello 6e3cd3f0628a8276 | B37: 28 | C37: 1.8 | D37: 13.052 | E37: 2 | F37: 6" | G37: 16 | H37: 46.98 | I37: Men's Restroom 113 east (north of door 113) || 113 Men: 1 x 5/8" GB to 13.05 ft | 111 Corridor: 1 x 5/8" GB to 13.05 ft || sello 6e3cd3f0628a8276 | J37: A02.01 -> 1/A12.01 -> 7/S5.20 -> 1/S5.20 | K37: [DERIVADO]
A38: B2 #29 - Wellness 115 east (between doors 117 and 115) || 115 Wellness: 1 x 5/8" GB to 13.05 ft | 111 Corridor: 1 x 5/8" GB to 13.05 ft || sello 7bc90b2d65064489 | B38: 29 | C38: 2.69 | D38: 13.052 | E38: 2 | F38: 6" | G38: 16 | H38: 70.3 | I38: Wellness 115 east (between doors 117 and 115) || 115 Wellness: 1 x 5/8" GB to 13.05 ft | 111 Corridor: 1 x 5/8" GB to 13.05 ft || sello 7bc90b2d65064489 | J38: A02.01 -> 1/A12.01 -> 7/S5.20 -> 1/S5.20 | K38: [DERIVADO]
A39: B2 #30 - Work Room 119 west / Break Room 118 east || 119 Work Room: 1 x 5/8" GB to 13.05 ft | 118 Break Room: 1 x 5/8" GB to 13.05 ft || sello 57a022443a1f5c72 | B39: 30 | C39: 11.74 | D39: 13.052 | E39: 2 | F39: 6" | G39: 16 | H39: 306.46 | I39: Work Room 119 west / Break Room 118 east || 119 Work Room: 1 x 5/8" GB to 13.05 ft | 118 Break Room: 1 x 5/8" GB to 13.05 ft || sello 57a022443a1f5c72 | J39: A02.01 -> 1/A12.01 -> 7/S5.20 -> 1/S5.20 | K39: [DERIVADO]
A40: TYPE B2K
A41: B2K #31 - Cash Window 116 north-west corner at office front (Kevlar) || 116 Cash Window (teller side): 1 x 5/8" GB to 15.38 ft | Customer side (Office 108 front): 1 x 5/8" GB to 15.38 ft || sello 4ab59348315582d9 | B41: 31 | C41: 1.77 | D41: 15.375 | E41: 2 | F41: 6" | G41: 24 | H41: 54.52 | I41: Cash Window 116 north-west corner at office front (Kevlar) || 116 Cash Window (teller side): 1 x 5/8" GB to 15.38 ft | Customer side (Office 108 front): 1 x 5/8" GB to 15.38 ft || sello 4ab59348315582d9 | J41: A02.01 -> 4/A12.01 + 1/A12.01 -> 7/S5.20 -> 1/S5.20 | K41: [DERIVADO]
A42: TYPE C1
A43: C1 #32 - Calling Cubes 122 north furring for display monitor (keynote 7) || 103 Central Zone: 1 x 5/8" GB to 15.38 ft || sello 123130922b441be0 | B43: 32 | C43: 10 | D43: 15.375 | E43: 1 | F43: 3-5/8" | G43: 16 | H43: 153.75 | I43: Calling Cubes 122 north furring for display monitor (keynote 7) || 103 Central Zone: 1 x 5/8" GB to 15.38 ft || sello 123130922b441be0 | J43: A02.01 -> 6/A12.01 -> 7/S5.20 -> 1/S5.20 | K43: [DERIVADO]
A44: C1 #33 - Restroom 114 side of plumbing chase || 114 Women: 1 x 5/8" GB to 13.05 ft || sello 2cc3cd8162e1b748 | B44: 33 | C44: 10.03 | D44: 13.052 | E44: 1 | F44: 3-5/8" | G44: 16 | H44: 130.87 | I44: Restroom 114 side of plumbing chase || 114 Women: 1 x 5/8" GB to 13.05 ft || sello 2cc3cd8162e1b748 | J44: A02.01 -> 6/A12.01 -> 7/S5.20 -> 1/S5.20 | K44: [DERIVADO]
A45: C1 #34 - Restroom 113 side of plumbing chase || 113 Men: 1 x 5/8" GB to 13.05 ft || sello 5415bd09afb494ed | B45: 34 | C45: 10.03 | D45: 13.052 | E45: 1 | F45: 3-5/8" | G45: 16 | H45: 130.87 | I45: Restroom 113 side of plumbing chase || 113 Men: 1 x 5/8" GB to 13.05 ft || sello 5415bd09afb494ed | J45: A02.01 -> 6/A12.01 -> 7/S5.20 -> 1/S5.20 | K45: [DERIVADO]
A46: TYPE F
A47: F #35 - 24 HR Vestibule 101 / ATM Room 102 diagonal ATM wall (30 deg) || 101 24 HR Vestibule: 1 x 5/8" GB to 10.0 ft | 102 ATM Room: 1 x 5/8" GB to 9.0 ft || sello ea9cc18c72bf4a4c | B47: 35 | C47: 17.46 | D47: 15.375 | E47: 2 | F47: 3-5/8" | G47: 16 | H47: 331.72 | I47: 24 HR Vestibule 101 / ATM Room 102 diagonal ATM wall (30 deg) || 101 24 HR Vestibule: 1 x 5/8" GB to 10.0 ft | 102 ATM Room: 1 x 5/8" GB to 9.0 ft || sello ea9cc18c72bf4a4c | J47: A02.01 -> 12/A12.01 -> 7/S5.20 -> 1/S5.20 | K47: [DERIVADO]
A48: TYPE G
A49: G #36 - ATM Room 102 south / Office 5 109 north || 102 ATM Room: 2 x 5/8" GB to 15.38 ft | 105-110 Offices: 2 x 5/8" GB to 15.38 ft || sello eb62d57e6e8c7bc5 | B49: 36 | C49: 15.59 | D49: 15.375 | E49: 4 | F49: 1-5/8" x2 rows | G49: 16 | H49: 958.6 | I49: ATM Room 102 south / Office 5 109 north || 102 ATM Room: 2 x 5/8" GB to 15.38 ft | 105-110 Offices: 2 x 5/8" GB to 15.38 ft || sello eb62d57e6e8c7bc5 | J49: A02.01 -> 5/A12.01 -> 7/S5.20 -> 1/S5.20 | K49: [DERIVADO]
A50: G #37 - Office 109 / Office 110 || 105-110 Offices: 2 x 5/8" GB to 15.38 ft | 105-110 Offices (110): 2 x 5/8" GB to 15.38 ft || sello 957078a430d3ca4a | B50: 37 | C50: 11.63 | D50: 15.375 | E50: 4 | F50: 1-5/8" x2 rows | G50: 16 | H50: 715.06 | I50: Office 109 / Office 110 || 105-110 Offices: 2 x 5/8" GB to 15.38 ft | 105-110 Offices (110): 2 x 5/8" GB to 15.38 ft || sello 957078a430d3ca4a | J50: A02.01 -> 5/A12.01 -> 7/S5.20 -> 1/S5.20 | K50: [DERIVADO]
A51: G #38 - Office 110 / Women's Restroom 114 || 105-110 Offices: 2 x 5/8" GB to 15.38 ft | 114 Women: 2 x 5/8" GB to 15.38 ft || sello 393063883965f812 | B51: 38 | C51: 11.63 | D51: 15.375 | E51: 4 | F51: 1-5/8" x2 rows | G51: 16 | H51: 715.06 | I51: Office 110 / Women's Restroom 114 || 105-110 Offices: 2 x 5/8" GB to 15.38 ft | 114 Women: 2 x 5/8" GB to 15.38 ft || sello 393063883965f812 | J51: A02.01 -> 5/A12.01 -> 7/S5.20 -> 1/S5.20 | K51: [DERIVADO]
A52: G #39 - Office 106 / Office 107 || 105-110 Offices: 2 x 5/8" GB to 15.38 ft | 105-110 Offices (107): 2 x 5/8" GB to 15.38 ft || sello 64374ce8596f20af | B52: 39 | C52: 11.77 | D52: 15.375 | E52: 4 | F52: 1-5/8" x2 rows | G52: 16 | H52: 723.68 | I52: Office 106 / Office 107 || 105-110 Offices: 2 x 5/8" GB to 15.38 ft | 105-110 Offices (107): 2 x 5/8" GB to 15.38 ft || sello 64374ce8596f20af | J52: A02.01 -> 5/A12.01 -> 7/S5.20 -> 1/S5.20 | K52: [DERIVADO]
A53: G #40 - Office 107 / Office 108 || 105-110 Offices: 2 x 5/8" GB to 15.38 ft | 105-110 Offices (108): 2 x 5/8" GB to 15.38 ft || sello 7dd28eea3904579b | B53: 40 | C53: 11.77 | D53: 15.375 | E53: 4 | F53: 1-5/8" x2 rows | G53: 16 | H53: 723.68 | I53: Office 107 / Office 108 || 105-110 Offices: 2 x 5/8" GB to 15.38 ft | 105-110 Offices (108): 2 x 5/8" GB to 15.38 ft || sello 7dd28eea3904579b | J53: A02.01 -> 5/A12.01 -> 7/S5.20 -> 1/S5.20 | K53: [DERIVADO]
A54: G #41 - Office 108 / Cash Window 116 || 105-110 Offices: 2 x 5/8" GB to 15.38 ft | 116 Cash Window: 2 x 5/8" GB to 15.38 ft || sello 5a8a18e066c63157 | B54: 41 | C54: 10.51 | D54: 15.375 | E54: 4 | F54: 1-5/8" x2 rows | G54: 16 | H54: 646.18 | I54: Office 108 / Cash Window 116 || 105-110 Offices: 2 x 5/8" GB to 15.38 ft | 116 Cash Window: 2 x 5/8" GB to 15.38 ft || sello 5a8a18e066c63157 | J54: A02.01 -> 5/A12.01 -> 7/S5.20 -> 1/S5.20 | K54: [DERIVADO]
A55: G #42 - Office 105 office-front pier (north jamb) || 105-110 Offices: 2 x 5/8" GB to 15.38 ft | 103 Central Zone: 2 x 5/8" GB to 15.38 ft || sello cf45f77c7c816672 | B55: 42 | C55: 2.42 | D55: 15.375 | E55: 4 | F55: 1-5/8" x2 rows | G55: 16 | H55: 148.82 | I55: Office 105 office-front pier (north jamb) || 105-110 Offices: 2 x 5/8" GB to 15.38 ft | 103 Central Zone: 2 x 5/8" GB to 15.38 ft || sello cf45f77c7c816672 | J55: A02.01 -> 5/A12.01 -> 7/S5.20 -> 1/S5.20 | K55: [DERIVADO]
A56: G #43 - Office 105/106 office-front pier || 105-110 Offices: 2 x 5/8" GB to 15.38 ft | 103 Central Zone: 2 x 5/8" GB to 15.38 ft || sello c5770cfd8d9497fc | B56: 43 | C56: 3.47 | D56: 15.375 | E56: 4 | F56: 1-5/8" x2 rows | G56: 16 | H56: 213.22 | I56: Office 105/106 office-front pier || 105-110 Offices: 2 x 5/8" GB to 15.38 ft | 103 Central Zone: 2 x 5/8" GB to 15.38 ft || sello c5770cfd8d9497fc | J56: A02.01 -> 5/A12.01 -> 7/S5.20 -> 1/S5.20 | K56: [DERIVADO]
A57: G #44 - Office 106/107 office-front pier || 105-110 Offices: 2 x 5/8" GB to 15.38 ft | 103 Central Zone: 2 x 5/8" GB to 15.38 ft || sello 13d14f8f6d1f8bca | B57: 44 | C57: 3.25 | D57: 15.375 | E57: 4 | F57: 1-5/8" x2 rows | G57: 16 | H57: 200.06 | I57: Office 106/107 office-front pier || 105-110 Offices: 2 x 5/8" GB to 15.38 ft | 103 Central Zone: 2 x 5/8" GB to 15.38 ft || sello 13d14f8f6d1f8bca | J57: A02.01 -> 5/A12.01 -> 7/S5.20 -> 1/S5.20 | K57: [DERIVADO]
A58: G #45 - Office 107/108 office-front pier || 105-110 Offices: 2 x 5/8" GB to 15.38 ft | 103 Central Zone: 2 x 5/8" GB to 15.38 ft || sello 90c000f467244c3d | B58: 45 | C58: 3.25 | D58: 15.375 | E58: 4 | F58: 1-5/8" x2 rows | G58: 16 | H58: 200.06 | I58: Office 107/108 office-front pier || 105-110 Offices: 2 x 5/8" GB to 15.38 ft | 103 Central Zone: 2 x 5/8" GB to 15.38 ft || sello 90c000f467244c3d | J58: A02.01 -> 5/A12.01 -> 7/S5.20 -> 1/S5.20 | K58: [DERIVADO]
A59: TYPE G1
A60: G1 #46 - Office 105 / Office 106 || 105-110 Offices: 2 x 5/8" GB to 15.38 ft | 105-110 Offices (106): 2 x 5/8" GB to 15.38 ft || sello ed715c6b7edcca90 | B60: 46 | C60: 11.77 | D60: 15.375 | E60: 4 | F60: 1-5/8" x2 rows | G60: 16 | H60: 723.68 | I60: Office 105 / Office 106 || 105-110 Offices: 2 x 5/8" GB to 15.38 ft | 105-110 Offices (106): 2 x 5/8" GB to 15.38 ft || sello ed715c6b7edcca90 | J60: A02.01 -> 5/A12.01 -> 7/S5.20 -> 1/S5.20 | K60: [DERIVADO]
A61: G1 #47 - Office 109/110 office-front pier || 105-110 Offices: 2 x 5/8" GB to 15.38 ft | 103 Central Zone: 2 x 5/8" GB to 15.38 ft || sello 21bdb5ecee5d58e4 | B61: 47 | C61: 3.84 | D61: 15.375 | E61: 4 | F61: 1-5/8" x2 rows | G61: 16 | H61: 236.16 | I61: Office 109/110 office-front pier || 105-110 Offices: 2 x 5/8" GB to 15.38 ft | 103 Central Zone: 2 x 5/8" GB to 15.38 ft || sello 21bdb5ecee5d58e4 | J61: A02.01 -> 5/A12.01 -> 7/S5.20 -> 1/S5.20 | K61: [DERIVADO]
A62: G1 #48 - Office 110 / Restroom 114 office-front pier || 105-110 Offices: 2 x 5/8" GB to 15.38 ft | 103 Central Zone: 2 x 5/8" GB to 15.38 ft || sello 6e74c7612e079d65 | B62: 48 | C62: 3.73 | D62: 15.375 | E62: 4 | F62: 1-5/8" x2 rows | G62: 16 | H62: 229.22 | I62: Office 110 / Restroom 114 office-front pier || 105-110 Offices: 2 x 5/8" GB to 15.38 ft | 103 Central Zone: 2 x 5/8" GB to 15.38 ft || sello 6e74c7612e079d65 | J62: A02.01 -> 5/A12.01 -> 7/S5.20 -> 1/S5.20 | K62: [DERIVADO]
A63: TYPE EXTERIOR
A64: EXTERIOR #EXT-E1H - East - grid 8 high roof zone (y 337.44-1246.4), 4 windows || Interior: 1 x 5/8" GB to deck | Exterior: 5/8" FRT plywood bonded to polyiso to T/STUD || sello f54836a66c76482b | B64: EXT-E1H | C64: 50.498 | D64: 15.375 | E64: 2 | F64: 6" | G64: 16 | H64: 1417.59 | I64: East - grid 8 high roof zone (y 337.44-1246.4), 4 windows || Interior: 1 x 5/8" GB to deck | Exterior: 5/8" FRT plywood bonded to polyiso to T/STUD || sello f54836a66c76482b | J64: A02.01 -> C/A09.21 -> 5/A09.26 -> 10/S5.10 -> 11/S5.10 -> S1.11 | K64: [DERIVADO]
A65: EXTERIOR #EXT-E1L - East - grid 8 low roof zone (y 1246.4-1693.44) || Interior: 1 x 5/8" GB to deck | Exterior: 5/8" FRT plywood bonded to polyiso to T/STUD || sello 8d51bb46c8bdd0a8 | B65: EXT-E1L | C65: 24.836 | D65: 12.792 | E65: 2 | F65: 6" | G65: 16 | H65: 754.2 | I65: East - grid 8 low roof zone (y 1246.4-1693.44) || Interior: 1 x 5/8" GB to deck | Exterior: 5/8" FRT plywood bonded to polyiso to T/STUD || sello 8d51bb46c8bdd0a8 | J65: A02.01 -> C/A09.21 -> 5/A09.26 -> 10/S5.10 -> 11/S5.10 -> S1.11 | K65: [DERIVADO]
A66: EXTERIOR #EXT-N1 - North - Office 105 solid wall (grid F/G, x 1631.28-1843.08) || Interior: 1 x 5/8" GB to deck | Exterior: 5/8" FRT plywood bonded to polyiso to T/STUD || sello 9ff0e3d5babe8317 | B66: EXT-N1 | C66: 11.767 | D66: 15.375 | E66: 2 | F66: 6" | G66: 16 | H66: 370.82 | I66: North - Office 105 solid wall (grid F/G, x 1631.28-1843.08) || Interior: 1 x 5/8" GB to deck | Exterior: 5/8" FRT plywood bonded to polyiso to T/STUD || sello 9ff0e3d5babe8317 | J66: A02.01 -> C/A09.21 -> 5/A09.26 -> 10/S5.10 -> 11/S5.10 -> S1.11 | K66: [DERIVADO]
A67: EXTERIOR #EXT-N2 - North - Central Zone 103 storefront head wall (26'-3" storefront) || Interior: 1 x 5/8" GB to deck | Exterior: 5/8" FRT plywood bonded to polyiso to T/STUD || sello edae409dd8741f00 | B67: EXT-N2 | C67: 26.25 | D67: 6.875 | E67: 2 | F67: 6" | G67: 16 | H67: 357.66 | I67: North - Central Zone 103 storefront head wall (26'-3" storefront) || Interior: 1 x 5/8" GB to deck | Exterior: 5/8" FRT plywood bonded to polyiso to T/STUD || sello edae409dd8741f00 | J67: A02.01 -> C/A09.21 -> 5/A09.26 -> 10/S5.10 -> 11/S5.10 -> S1.11 | K67: [DERIVADO]
A68: EXTERIOR #EXT-N3 - North - Vestibule 100 storefront head wall (tower) || Interior: 1 x 5/8" GB to deck | Exterior: 5/8" FRT plywood bonded to polyiso to T/STUD || sello 721accabfeec42f6 | B68: EXT-N3 | C68: 12.56 | D68: 6.875 | E68: 2 | F68: 6" | G68: 16 | H68: 199.39 | I68: North - Vestibule 100 storefront head wall (tower) || Interior: 1 x 5/8" GB to deck | Exterior: 5/8" FRT plywood bonded to polyiso to T/STUD || sello 721accabfeec42f6 | J68: A02.01 -> C/A09.21 -> 5/A09.26 -> 10/S5.10 -> 11/S5.10 -> S1.11 | K68: [DERIVADO]
A69: EXTERIOR #EXT-S1 - South - grid A (x 911.88-1843.08), door 123 || Interior: 1 x 5/8" GB to deck | Exterior: 5/8" FRT plywood bonded to polyiso to T/STUD || sello aa8c5b76f3a0f8ba | B69: EXT-S1 | C69: 51.733 | D69: 12.531 | E69: 2 | F69: 6" | G69: 16 | H69: 1451.88 | I69: South - grid A (x 911.88-1843.08), door 123 || Interior: 1 x 5/8" GB to deck | Exterior: 5/8" FRT plywood bonded to polyiso to T/STUD || sello aa8c5b76f3a0f8ba | J69: A02.01 -> C/A09.21 -> 5/A09.26 -> 10/S5.10 -> 11/S5.10 -> S1.11 | K69: [DERIVADO]
A70: EXTERIOR #EXT-W1 - West - Vestibule 100 storefront head wall (tower) || Interior: 1 x 5/8" GB to deck | Exterior: 5/8" FRT plywood bonded to polyiso to T/STUD || sello 01b1a9e6dd9fe18e | B70: EXT-W1 | C70: 6.5 | D70: 6.875 | E70: 2 | F70: 6" | G70: 16 | H70: 103.19 | I70: West - Vestibule 100 storefront head wall (tower) || Interior: 1 x 5/8" GB to deck | Exterior: 5/8" FRT plywood bonded to polyiso to T/STUD || sello 01b1a9e6dd9fe18e | J70: A02.01 -> C/A09.21 -> 5/A09.26 -> 10/S5.10 -> 11/S5.10 -> S1.11 | K70: [DERIVADO]
A71: EXTERIOR #EXT-W2 - West - 24 HR Vestibule 101 / ATM Room 102 (grid 2, tower, Day 1 ATM drive-up) || Interior: 1 x 5/8" GB to deck | Exterior: 5/8" FRT plywood bonded to polyiso to T/STUD || sello ae2c98ecb6449dc4 | B71: EXT-W2 | C71: 21.46 | D71: 15.375 | E71: 2 | F71: 6" | G71: 16 | H71: 660.5 | I71: West - 24 HR Vestibule 101 / ATM Room 102 (grid 2, tower, Day 1 ATM drive-up) || Interior: 1 x 5/8" GB to deck | Exterior: 5/8" FRT plywood bonded to polyiso to T/STUD || sello ae2c98ecb6449dc4 | J71: A02.01 -> C/A09.21 -> 5/A09.26 -> 10/S5.10 -> 11/S5.10 -> S1.11 | K71: [DERIVADO]
A72: EXTERIOR #EXT-W3 - West - jog at grid C.5 (ATM Room south exterior return) || Interior: 1 x 5/8" GB to deck | Exterior: 5/8" FRT plywood bonded to polyiso to T/STUD || sello b7c04c839f338bc1 | B72: EXT-W3 | C72: 2.94 | D72: 15.375 | E72: 2 | F72: 6" | G72: 16 | H72: 113.71 | I72: West - jog at grid C.5 (ATM Room south exterior return) || Interior: 1 x 5/8" GB to deck | Exterior: 5/8" FRT plywood bonded to polyiso to T/STUD || sello b7c04c839f338bc1 | J72: A02.01 -> C/A09.21 -> 5/A09.26 -> 10/S5.10 -> 11/S5.10 -> S1.11 | K72: [DERIVADO]
A73: EXTERIOR #EXT-W4H - West - Offices 109/110 (grid 3, high roof zone, y 840.0-1246.4) || Interior: 1 x 5/8" GB to deck | Exterior: 5/8" FRT plywood bonded to polyiso to T/STUD || sello 348e53766143332c | B73: EXT-W4H | C73: 22.578 | D73: 15.375 | E73: 2 | F73: 6" | G73: 16 | H73: 616.15 | I73: West - Offices 109/110 (grid 3, high roof zone, y 840.0-1246.4) || Interior: 1 x 5/8" GB to deck | Exterior: 5/8" FRT plywood bonded to polyiso to T/STUD || sello 348e53766143332c | J73: A02.01 -> C/A09.21 -> 5/A09.26 -> 10/S5.10 -> 11/S5.10 -> S1.11 | K73: [DERIVADO]
A74: EXTERIOR #EXT-W4L - West - Restrooms/Janitor/Wellness (grid 3, low roof zone, y 1246.4-1693.44) || Interior: 1 x 5/8" GB to deck | Exterior: 5/8" FRT plywood bonded to polyiso to T/STUD || sello 63d275f959373272 | B74: EXT-W4L | C74: 24.836 | D74: 12.792 | E74: 2 | F74: 6" | G74: 16 | H74: 754.2 | I74: West - Restrooms/Janitor/Wellness (grid 3, low roof zone, y 1246.4-1693.44) || Interior: 1 x 5/8" GB to deck | Exterior: 5/8" FRT plywood bonded to polyiso to T/STUD || sello 63d275f959373272 | J74: A02.01 -> C/A09.21 -> 5/A09.26 -> 10/S5.10 -> 11/S5.10 -> S1.11 | K74: [DERIVADO]
A75: TYPE BULKHEAD
A76: BULKHEAD #BH-01..06 - Office front bulkheads over DFC-1A, offices 105-110 (6 x 7'-6"); both faces 2 x 5/8" GB to deck | B76: BH-01..06 | C76: 45 | D76: 7.333 | E76: 4 | F76: 1-5/8" x2 rows | G76: 16 | H76: 1319.94 | I76: Office front bulkheads over DFC-1A, offices 105-110 (6 x 7'-6"); both faces 2 x 5/8" GB to deck | J76: A02.01 -> 2/A11.01 HOLD -> 9/A12.01 -> 8/A12.01 -> 10/A12.01 | K76: [DERIVADO]
A77: TOTAL - PARTITIONS | C77: =SUM(C5:C76) -> 655.628 | H77: =SUM(H5:H76) -> 19759.73

Sheet Material Summary
A1: MATERIAL SUMMARY - NET / WASTE / PURCHASE
A2: Waste lives HERE, in its own column, never inside the net quantity.
A3: Material | B3: Unit | C3: Net | D3: Waste % | E3: Waste | F3: Purchase | G3: Selling unit | H3: Pieces to buy | I3: Where it comes from
A4: 3-5/8" metal stud 362S137-68 (14 GA) - Kevlar A1K | B4: LF | C4: 285.7 | D4: =Inputs!$B$4 -> 0.15 | E4: =C4*D4 -> 42.855 | F4: =C4+E4 -> 328.555 | G4: stick 20 ft | H4: =ROUNDUP(F4/20,0) -> 17 | I4: 6 renglones: 4/A12.01; 6/S5.20
A5: 6" metal stud 600S137-68 (14 GA) - Kevlar B2K | B5: LF | C5: 61.5 | D5: =Inputs!$B$4 -> 0.15 | E5: =C5*D5 -> 9.225 | F5: =C5+E5 -> 70.725 | G5: stick 20 ft | H5: =ROUNDUP(F5/20,0) -> 4 | I5: 1 renglones: 4/A12.01 + 1/A12.01
A6: 6" parapet infill stud 600S162-54 @ 16" O.C. | B6: LF | C6: 1116.45 | D6: =Inputs!$B$4 -> 0.15 | E6: =C6*D6 -> 167.4675 | F6: =C6+E6 -> 1283.9175 | G6: stick 20 ft | H6: =ROUNDUP(F6/20,0) -> 65 | I6: 11 renglones: 11/S5.10
A7: 6" exterior metal stud 600S162-54 (S1.11; RFI vs 600S137-33) | B7: LF | C7: 3550.63 | D7: =Inputs!$B$4 -> 0.15 | E7: =C7*D7 -> 532.5945 | F7: =C7+E7 -> 4083.2245 | G7: stick 20 ft | H7: =ROUNDUP(F7/20,0) -> 205 | I7: 13 renglones: 1/A09.25; S1.11 note 5
A8: 6" metal stud 600S137-33 (interior A5/B2) | B8: LF | C8: 1624.26 | D8: =Inputs!$B$4 -> 0.15 | E8: =C8*D8 -> 243.639 | F8: =C8+E8 -> 1867.899 | G8: stick 20 ft | H8: =ROUNDUP(F8/20,0) -> 94 | I8: 17 renglones: 1/A12.01; 3/A12.01; 6/S5.20
A9: 1-5/8" metal stud 162S125-33 (double row G/G1, office bulkheads) | B9: LF | C9: 5259.22 | D9: =Inputs!$B$4 -> 0.15 | E9: =C9*D9 -> 788.883 | F9: =C9+E9 -> 6048.103 | G9: stick 20 ft | H9: =ROUNDUP(F9/20,0) -> 303 | I9: 29 renglones: 5/A12.01; 6/S5.20; 8/A12.01
A10: 2-1/2" metal stud (coiling grille head) 250S125-33 | B10: LF | C10: 12 | D10: =Inputs!$B$4 -> 0.15 | E10: =C10*D10 -> 1.8 | F10: =C10+E10 -> 13.8 | G10: stick 20 ft | H10: =ROUNDUP(F10/20,0) -> 1 | I10: 1 renglones: 4/A08.21
A11: 3-5/8" metal stud 362S137-33 (20 GA) | B11: LF | C11: 6751.88 | D11: =Inputs!$B$4 -> 0.15 | E11: =C11*D11 -> 1012.782 | F11: =C11+E11 -> 7764.662 | G11: stick 20 ft | H11: =ROUNDUP(F11/20,0) -> 389 | I11: 59 renglones: 1/A12.01; 12/A12.01; 3/A08.21; 3/A09.26; 3/A12.01; 4/A02.02; 4/A12.10; 5/A09.25; 6/A12.01; 6/S5.20; 8/A09.33 3 5/8" METAL STUD BRACING @ 48" O.C.; 8/A09.33 3 5/8" METAL STUD FRAMING AND TRACK @ 16" O.C.; 9/A12.08; S2.20 B.O.D. 11'-9" TYP @ CANOPY
A12: 6" parapet bottom track 600T125-54 | B12: LF | C12: 263.69 | D12: =Inputs!$B$4 -> 0.15 | E12: =C12*D12 -> 39.5535 | F12: =C12+E12 -> 303.2435 | G12: 10 ft | H12: =ROUNDUP(F12/10,0) -> 31 | I12: 11 renglones: 11/S5.10 TOP & BOT. (54.2)
A13: 6" parapet top track 600T125-54 | B13: LF | C13: 263.69 | D13: =Inputs!$B$4 -> 0.15 | E13: =C13*D13 -> 39.5535 | F13: =C13+E13 -> 303.2435 | G13: 10 ft | H13: =ROUNDUP(F13/10,0) -> 31 | I13: 11 renglones: 11/S5.10 TOP & BOT. (54.2)
A14: 6" bottom track 600T125-68 (B2K) | B14: LF | C14: 1.77 | D14: =Inputs!$B$4 -> 0.15 | E14: =C14*D14 -> 0.2655 | F14: =C14+E14 -> 2.0355 | G14: 10 ft | H14: =ROUNDUP(F14/10,0) -> 1 | I14: 1 renglones: 4/A12.01 + 1/A12.01
A15: 3-5/8" bottom track 362T125-68 (A1K) | B15: LF | C15: 9.06 | D15: =Inputs!$B$4 -> 0.15 | E15: =C15*D15 -> 1.359 | F15: =C15+E15 -> 10.419 | G15: 10 ft | H15: =ROUNDUP(F15/10,0) -> 2 | I15: 3 renglones: 4/A12.01
A16: 6" bottom track 600T125-33 | B16: LF | C16: 264.05 | D16: =Inputs!$B$4 -> 0.15 | E16: =C16*D16 -> 39.6075 | F16: =C16+E16 -> 303.6575 | G16: 10 ft | H16: =ROUNDUP(F16/10,0) -> 31 | I16: 17 renglones: 1/A12.01; 3/A12.01; 7/S5.20
A17: 6" top deflection track 600T200-97 | B17: LF | C17: 334.94 | D17: =Inputs!$B$4 -> 0.15 | E17: =C17*D17 -> 50.241 | F17: =C17+E17 -> 385.181 | G17: 10 ft | H17: =ROUNDUP(F17/10,0) -> 39 | I17: 28 renglones: 1/A12.01; 3/A12.01; 4/A12.01 + 1/A12.01; 7/S5.20
A18: 3-5/8" bottom track 362T125-33 | B18: LF | C18: 185.82 | D18: =Inputs!$B$4 -> 0.15 | E18: =C18*D18 -> 27.873 | F18: =C18+E18 -> 213.693 | G18: 10 ft | H18: =ROUNDUP(F18/10,0) -> 22 | I18: 22 renglones: 1/A12.01; 12/A12.01; 3/A12.01; 6/A12.01
A19: 3-5/8" top deflection track 362T200-97 | B19: LF | C19: 190.74 | D19: =Inputs!$B$4 -> 0.15 | E19: =C19*D19 -> 28.611 | F19: =C19+E19 -> 219.351 | G19: 10 ft | H19: =ROUNDUP(F19/10,0) -> 22 | I19: 28 renglones: 1/A12.01; 3/A12.01; 4/A12.01; 6/A12.01
A20: 3-5/8" top track 362T125-33 at deck (F) | B20: LF | C20: 17.46 | D20: =Inputs!$B$4 -> 0.15 | E20: =C20*D20 -> 2.619 | F20: =C20+E20 -> 20.079 | G20: 10 ft | H20: =ROUNDUP(F20/10,0) -> 3 | I20: 1 renglones: 12/A12.01
A21: 1-5/8" bottom track 162T125-33 | B21: LF | C21: 299.19 | D21: =Inputs!$B$4 -> 0.15 | E21: =C21*D21 -> 44.8785 | F21: =C21+E21 -> 344.0685 | G21: 10 ft | H21: =ROUNDUP(F21/10,0) -> 35 | I21: 14 renglones: 5/A12.01; 8/A12.01
A22: 1-5/8" top slip track 162T200-97 | B22: LF | C22: 299.19 | D22: =Inputs!$B$4 -> 0.15 | E22: =C22*D22 -> 44.8785 | F22: =C22+E22 -> 344.0685 | G22: 10 ft | H22: =ROUNDUP(F22/10,0) -> 35 | I22: 14 renglones: 5/A12.01; 8/A12.01 CONT. SLIP TRACK
A23: 3-5/8" track - ceilings / soffits / canopy / bulkheads | B23: LF | C23: 1703.9 | D23: =Inputs!$B$4 -> 0.15 | E23: =C23*D23 -> 255.585 | F23: =C23+E23 -> 1959.485 | G23: 10 ft | H23: =ROUNDUP(F23/10,0) -> 196 | I23: 24 renglones: 1/A09.25; 10/A09.33 CONT. TRACK; 3/A08.21; 3/A09.26; 4/A02.02; 4/A12.10; 5/A09.25; 6/A12.01; 8/A09.33; A04.01 (wall angle where GB ceiling meets wall)
A24: sill track 600T125-54 at windows / ATM | B24: LF | C24: 284.35 | D24: =Inputs!$B$4 -> 0.15 | E24: =C24*D24 -> 42.6525 | F24: =C24+E24 -> 327.0025 | G24: 10 ft | H24: =ROUNDUP(F24/10,0) -> 33 | I24: 48 renglones: 10/A09.27; 6/S5.20; A00.40 #1 KNOXBOX 3200 RECESSED MOUNT; A02.01 FEC-1, FEC-2; A08.01 A/A08.01
A25: header + sill track at ATM walk-up framed opening | B25: LF | C25: 7.17 | D25: =Inputs!$B$4 -> 0.15 | E25: =C25*D25 -> 1.0755 | F25: =C25+E25 -> 8.2455 | G25: LF | H25: =ROUNDUP(F25,0) -> 9 | I25: 1 renglones: 1/A08.11
A26: bracing 1-1/2" C.R. channel @ 48" O.C. | B26: LF | C26: 2205.72 | D26: =Inputs!$B$4 -> 0.15 | E26: =C26*D26 -> 330.858 | F26: =C26+E26 -> 2536.578 | G26: 16 ft | H26: =ROUNDUP(F26/16,0) -> 159 | I26: 66 renglones: 1/S5.20 (F)
A27: 1-1/2" carrying channel @ 48" O.C. (GB ceilings) | B27: LF | C27: 233.87 | D27: =Inputs!$B$4 -> 0.15 | E27: =C27*D27 -> 35.0805 | F27: =C27+E27 -> 268.9505 | G27: 16 ft | H27: =ROUNDUP(F27/16,0) -> 17 | I27: 5 renglones: A04.01 legend NEW SUSPENDED GYPSUM WALL BOARD CEILING
A28: 7/8" furring channel @ 16" O.C. (GB ceilings) | B28: LF | C28: 701.81 | D28: =Inputs!$B$4 -> 0.15 | E28: =C28*D28 -> 105.2715 | F28: =C28+E28 -> 807.0815 | G28: 12 ft | H28: =ROUNDUP(F28/12,0) -> 68 | I28: 5 renglones: A04.01 legend
A29: hanger wire 12 GA | B29: LF | C29: 342.27 | D29: =Inputs!$B$4 -> 0.15 | E29: =C29*D29 -> 51.3405 | F29: =C29+E29 -> 393.6105 | G29: LF | H29: =ROUNDUP(F29,0) -> 394 | I29: 5 renglones: 3/A09.33 TYPICAL 12 GAUGE HANGER WIRE
A30: 1x1x1 16 GA purlin across flutes | B30: LF | C30: 18.02 | D30: =Inputs!$B$4 -> 0.15 | E30: =C30*D30 -> 2.703 | F30: =C30+E30 -> 20.723 | G30: 10 ft | H30: =ROUNDUP(F30/10,0) -> 3 | I30: 1 renglones: 10/A09.33 ALTERNATE CEILING DETAIL
A31: framed opening for recessed fixture / access panel (metal framing) | B31: LF | C31: 847.34 | D31: =Inputs!$B$4 -> 0.15 | E31: =C31*D31 -> 127.101 | F31: =C31+E31 -> 974.441 | G31: LF | H31: =ROUNDUP(F31,0) -> 975 | I31: 11 renglones: 5/A09.33 FIXTURE LENGTH + 1/4"; 6/A09.33; A04.01; A04.01 key note 4; E00.01
A32: metal stud blocking 362CR22 (STUD BLOCKING) at edge of gypboard | B32: LF | C32: 603.56 | D32: =Inputs!$B$4 -> 0.15 | E32: =C32*D32 -> 90.534 | F32: =C32+E32 -> 694.094 | G32: 10 ft | H32: =ROUNDUP(F32/10,0) -> 70 | I32: 1 renglones: 4/S5.20 PROVIDE BLOCKING AT THE EDGE OF GYPBOARD
A33: PAFs @ 12" O.C. parapet / power driven fasteners (Kevlar track) | B33: EA | C33: 290 | D33: =Inputs!$B$4 -> 0.15 | E33: =C33*D33 -> 43.5 | F33: =C33+E33 -> 333.5 | G33: EA | H33: =ROUNDUP(F33,0) -> 334 | I33: 15 renglones: 11/S5.10; 4/A12.01
A34: joint tape & compound - Level 5 finish | B34: SF | C34: 922.49 | D34: =Inputs!$B$5 -> 0.06 | E34: =C34*D34 -> 55.3494 | F34: =C34+E34 -> 977.8394 | G34: SF | H34: =ROUNDUP(F34/Inputs!$B$8,0) -> 21 | I34: 1 renglones: A05.01 key notes 9,10
A35: joint tape & compound - Level 4 finish | B35: SF | C35: 12753.19 | D35: =Inputs!$B$5 -> 0.06 | E35: =C35*D35 -> 765.1914 | F35: =C35+E35 -> 13518.381 | G35: SF | H35: =ROUNDUP(F35/Inputs!$B$8,0) -> 282 | I35: 1 renglones: A00.40 finish legend
A36: 5/8" moisture resistant gypsum board (restroom chase) | B36: SF | C36: 261.74 | D36: =Inputs!$B$5 -> 0.06 | E36: =C36*D36 -> 15.7044 | F36: =C36+E36 -> 277.4444 | G36: 4x12 sheet | H36: =ROUNDUP(F36/Inputs!$B$8,0) -> 6 | I36: 1 renglones: F/A08.01
A37: 3/8" gypsum board (Kevlar customer side above 8'-0") | B37: SF | C37: 66.81 | D37: =Inputs!$B$5 -> 0.06 | E37: =C37*D37 -> 4.0086 | F37: =C37+E37 -> 70.8186 | G37: 4x12 sheet | H37: =ROUNDUP(F37/Inputs!$B$8,0) -> 2 | I37: 4 renglones: 4/A12.01
A38: 3/8" UL752 Level-2 fiberglass ballistic panel (Kevlar) | B38: SF | C38: 86.7 | D38: =Inputs!$B$5 -> 0.06 | E38: =C38*D38 -> 5.202 | F38: =C38+E38 -> 91.902 | G38: 4x8 panel | H38: =ROUNDUP(F38/Inputs!$B$8,0) -> 2 | I38: 4 renglones: 4/A12.01
A39: 5/8" exterior gypsum sheathing - parapet roof side | B39: SF | C39: 807.98 | D39: =Inputs!$B$5 -> 0.06 | E39: =C39*D39 -> 48.4788 | F39: =C39+E39 -> 856.4588 | G39: 4x8 sheet | H39: =ROUNDUP(F39/Inputs!$B$8,0) -> 18 | I39: 11 renglones: B/A09.21
A40: 5/8" glass mat sheathing (base band + canopy band) | B40: SF | C40: 482.1 | D40: =Inputs!$B$5 -> 0.06 | E40: =C40*D40 -> 28.926 | F40: =C40+E40 -> 511.026 | G40: 4x8 sheet | H40: =ROUNDUP(F40/Inputs!$B$8,0) -> 11 | I40: 11 renglones: 5/A09.26
A41: 5/8" FRT plywood bonded to 2-1/2" polyiso (exterior sheathing/insulation system) | B41: SF | C41: 3963.18 | D41: =Inputs!$B$5 -> 0.06 | E41: =C41*D41 -> 237.7908 | F41: =C41+E41 -> 4200.9708 | G41: 4x8 panel | H41: =ROUNDUP(F41/Inputs!$B$8,0) -> 88 | I41: 14 renglones: 1/A09.25; 4/A02.02; C/A09.21
A42: 5/8" ext. grade FRT plywood sheathing (canopy, column wraps) | B42: SF | C42: 2133.8 | D42: =Inputs!$B$5 -> 0.06 | E42: =C42*D42 -> 128.028 | F42: =C42+E42 -> 2261.828 | G42: 4x8 sheet | H42: =ROUNDUP(F42/Inputs!$B$8,0) -> 48 | I42: 9 renglones: 3/A09.26; 5/A09.25
A43: 3/4" FRT plywood (backboards, F wall public side, openings, blocking) | B43: SF | C43: 952.36 | D43: =Inputs!$B$5 -> 0.06 | E43: =C43*D43 -> 57.1416 | F43: =C43+E43 -> 1009.5016 | G43: 4x8 sheet | H43: =ROUNDUP(F43/Inputs!$B$8,0) -> 22 | I43: 30 renglones: 1/A09.25; 10/A12.01; 11/A09.27; 12/A12.01; 13/A12.02; 2/A09.26; 2/A11.03; 4/A09.26 (54.3); 5/A11.03; 8/A12.01
A44: 5/8" gypsum board regular (walls, ceilings, soffits, bulkheads) | B44: SF | C44: 17947.65 | D44: =Inputs!$B$5 -> 0.06 | E44: =C44*D44 -> 1076.859 | F44: =C44+E44 -> 19024.509 | G44: 4x12 sheet | H44: =ROUNDUP(F44/Inputs!$B$8,0) -> 397 | I44: 147 renglones: 1/A08.11; 1/A09.25; 1/A12.01; 10/A09.33; 11/A09.27; 12/A12.01; 2/A09.26; 3/A08.21; 3/A12.01; 4/A02.02 RUN GYP BD TIGHT TO DECK ABOVE; 4/A08.21; 4/A12.01; 4/A12.01 + 1/A12.01; 4/A12.10 GB TO SCHEDULED CEILING; 5/A12.01; 6/A12.01; 8/A09.33; 8/A12.01; 9
A45: FRP panel (WC-3 restrooms, WC-2 janitor) | B45: SF | C45: 354.66 | D45: =Inputs!$B$5 -> 0.06 | E45: =C45*D45 -> 21.2796 | F45: =C45+E45 -> 375.9396 | G45: 4x8 panel | H45: =ROUNDUP(F45/Inputs!$B$8,0) -> 8 | I45: 2 renglones: 6/A12.04; A/A08.01
A46: head track (additional, openings > 4'-0") | B46: LF | C46: 178.7 | D46: =Inputs!$B$4 -> 0.15 | E46: =C46*D46 -> 26.805 | F46: =C46+E46 -> 205.505 | G46: 10 ft | H46: =ROUNDUP(F46/10,0) -> 21 | I46: 1 renglones: 9/S5.20 ADD FULL LENGTH ADDL HEAD TRACK @ OPNG >4'-0"
A47: header / box beam (S5.20 header schedule; box beam per CFS engineer) | B47: LF | C47: 334.12 | D47: =Inputs!$B$4 -> 0.15 | E47: =C47*D47 -> 50.118 | F47: =C47+E47 -> 384.238 | G47: LF | H47: =ROUNDUP(F47,0) -> 385 | I47: 26 renglones: 11/A09.27; 4/A08.21 6" CFMF BOX BEAM HEADER; 4/A12.10 BOX HEADER AS NEEDED; 7/S5.20; 8/A12.01; 9/S5.20
A48: metal trim - corner bead | B48: LF | C48: 699.41 | D48: =Inputs!$B$4 -> 0.15 | E48: =C48*D48 -> 104.9115 | F48: =C48+E48 -> 804.3215 | G48: 10 ft | H48: =ROUNDUP(F48/10,0) -> 81 | I48: 19 renglones: 10/A09.33 CONT. CORNER BEAD; 10/A12.01 CORNER BEAD - TYPICAL; 11/A09.27; 2/A09.26; 3/A08.21; 4/A02.02; 4/A08.21 CORNER BEAD TYP.; 8/A09.33 CORNER L BEAD; 8/A12.01 CORNER BEAD, TYPICAL
A49: metal trim - J-bead / casing bead (criterio 53.1) | B49: LF | C49: 218.38 | D49: =Inputs!$B$4 -> 0.15 | E49: =C49*D49 -> 32.757 | F49: =C49+E49 -> 251.137 | G49: 10 ft | H49: =ROUNDUP(F49/10,0) -> 26 | I49: 11 renglones: 11/A09.27; 2/A09.26
A50: metal trim - shadow molding | B50: LF | C50: 167.03 | D50: =Inputs!$B$4 -> 0.15 | E50: =C50*D50 -> 25.0545 | F50: =C50+E50 -> 192.0845 | G50: 10 ft | H50: =ROUNDUP(F50/10,0) -> 20 | I50: 2 renglones: 8/A09.33 SHADOW MOLDING; 8/A12.01 SHADOW MOLDING - AS SPECIFIED
A51: metal trim - gypsum edge trim | B51: LF | C51: 112 | D51: =Inputs!$B$4 -> 0.15 | E51: =C51*D51 -> 16.8 | F51: =C51+E51 -> 128.8 | G51: 10 ft | H51: =ROUNDUP(F51/10,0) -> 13 | I51: 2 renglones: 6/A09.33; 6/A09.33 GYPSUM EDGE TRIM
A52: acoustical sealant | B52: LF | C52: 997.82 | D52: =Inputs!$B$5 -> 0.06 | E52: =C52*D52 -> 59.8692 | F52: =C52+E52 -> 1057.6892 | G52: tube | H52: =ROUNDUP(F52,0) -> 1058 | I52: 51 renglones: 1/A12.01; 3/A12.01; 4/A12.01; 4/A12.01 + 1/A12.01; 5/A12.01; 8/A12.01
A53: Hilti 1/4" Kwik Bolt II @ 8" O.C. - exterior bottom track anchorage | B53: EA | C53: 324 | D53: =Inputs!$B$4 -> 0.15 | E53: =C53*D53 -> 48.6 | F53: =C53+E53 -> 372.6 | G53: EA | H53: =ROUNDUP(F53,0) -> 373 | I53: 1 renglones: 7/S5.20 SILL TRACK ANCHORAGE
A54: Hilti DNI 32 P8 @ 12" O.C. - interior bottom track anchorage | B54: EA | C54: 508 | D54: =Inputs!$B$4 -> 0.15 | E54: =C54*D54 -> 76.2 | F54: =C54+E54 -> 584.2 | G54: EA | H54: =ROUNDUP(F54,0) -> 585 | I54: 1 renglones: 7/S5.20 SILL TRACK ANCHORAGE
A55: metal slip clip (roof step) | B55: EA | C55: 40 | D55: =Inputs!$B$4 -> 0.15 | E55: =C55*D55 -> 6 | F55: =C55+E55 -> 46 | G55: EA | H55: =ROUNDUP(F55,0) -> 46 | I55: 1 renglones: 4/A02.02 METAL SLIP CLIP
A56: PVC trim for FRP (edge + inside corner) | B56: LF | C56: 119.97 | D56: =Inputs!$B$5 -> 0.06 | E56: =C56*D56 -> 7.1982 | F56: =C56+E56 -> 127.1682 | G56: 10 ft | H56: =ROUNDUP(F56/10,0) -> 13 | I56: 1 renglones: 7/A08.01
A57: joint tape & compound - Level 1 above ceiling (plenum) | B57: SF | C57: 4718.61 | D57: =Inputs!$B$5 -> 0.06 | E57: =C57*D57 -> 283.1166 | F57: =C57+E57 -> 5001.7266 | G57: SF | H57: =ROUNDUP(F57/Inputs!$B$8,0) -> 105 | I57: 1 renglones: A04.01
A58: sealant at base of gypsum (exterior) | B58: LF | C58: 210.64 | D58: =Inputs!$B$5 -> 0.06 | E58: =C58*D58 -> 12.6384 | F58: =C58+E58 -> 223.2784 | G58: tube | H58: =ROUNDUP(F58,0) -> 224 | I58: 8 renglones: 5/A09.26
A59: batt insulation (sound) in partitions and bulkheads | B59: SF | C59: 5637.69 | D59: =Inputs!$B$5 -> 0.06 | E59: =C59*D59 -> 338.2614 | F59: =C59+E59 -> 5975.9514 | G59: SF | H59: =ROUNDUP(F59/Inputs!$B$8,0) -> 125 | I59: 59 renglones: 1/A12.01; 12/A12.01; 3/A12.01; 4/A02.02 W/ MINERAL WOOL INSULATION; 4/A12.01; 4/A12.01 + 1/A12.01; 5/A12.01; 9/A12.01; A04.01 key note 11
A60: FRT blocking (2x FRT wood / FRTW) | B60: LF | C60: 422.38 | D60: =Inputs!$B$5 -> 0.06 | E60: =C60*D60 -> 25.3428 | F60: =C60+E60 -> 447.7228 | G60: LF | H60: =ROUNDUP(F60,0) -> 448 | I60: 26 renglones: 1/A09.30; 3/A08.21 FRT WOOD BLOCKING TYP.; 3/A09.30; 3/P00.01; 4/A02.02 2X FRT BLOCKING; 5/A11.02; 8/A12.10; 9/A12.08; A/A08.01; A00.30 sheet note D; A00.40; A02.01 note C; A08.01; A12.03-A12.06 sheet note D; A12.04; D/A08.01; P00.01

Sheet Pending Items
A1: RFI | B1: Question / condition | C1: Delta of each alternative
A2: RFI-01 | B2: Exterior stud gauge/spacing: S1.11 note 5 = 600S162-54 @16" (@12" within 6 ft of corners) vs 7/S5.20 = 600S137-33 @16". Take-off carries S1.11 (more material, 56.2). | C2: Same LF in both; gauge 54 vs 33 mil; S5.20 option deletes ~2 studs per corner end (~16 studs x 15.4 ft = -246 LF of 12" O.C. extras).
A3: RFI-02 | B3: 10/S5.10: exterior studs end at deflection track UNDER perimeter beam; beam depth per segment not shown in the detail. Carried studs to B.O.D. (53.3 more material). | C3: Deduct beam depth (C10 ~10" to W14 ~14") x ~250 exterior studs = approx -210 to -290 LF of 600S162-54.
A4: RFI-03 | B4: Exterior elevation titles N/S are transposed: 1/A09.01 'SOUTH ELEVATION' shows the grid F/G (north, entrance) facade; 2/A09.02 'NORTH ELEVATION' shows grid A. Take-off follows the plan (north = grid F/G). | C4: No quantity change if confirmed; otherwise canopy/parapet assignments swap N/S.
A5: RFI-04 | B5: C1 (6/A12.01) board height not shown (break line). Carried to deck (53.3). | C5: To ceiling+6": #32 -33.75 SF; #33/#34 -127.9 SF MR board.
A6: RFI-05 | B6: Tag B2K on A02.01 has no row in the partition schedule. Derived as B2 (1/A12.01) + Kevlar layers (4/A12.01); measured thickness 7.68" vs A5K 7 5/8". | C6: If B2K = A5K: no change. If plain B2: -14 SF ballistic panel, studs 14 GA -> 20 GA.
A7: RFI-06 | B7: Interior slip track designation: only 600T200-97 is scheduled (7/S5.20). 362T200-97 and 162T200-97 derived. | C7: Price delta per LF of 2" flange 97 mil vs 1-1/4" 33 mil track (177 + 299 LF).
A8: RFI-07 | B8: G / G1 / office bulkhead 1-5/8" stud gauge not shown; 162S125-33 derived. | C8: 4,337 LF; heavier gauge raises price only.
A9: RFI-08 | B9: GB ceiling suspension not detailed (only 1/A09.33 for lay-in). Standard C754 system carried (1-1/2" CRC @48", 7/8" furring @16", 12 GA hangers @48"). | C9: Grid system alternative would delete 235 LF CRC + 706 LF furring channel.
A10: RFI-09 | B10: Storefront head: 2/A09.26 says STEEL HEADER FRAMING, 11/A09.27 says METAL STUD BOX BEAM OR STEEL. Carried box beam LF in base. | C10: If steel by Div 05: -49.3 LF box beam (N2 27.58, N3 13.89, W1 7.83).
A11: RFI-10 | B11: 3/4" FRT plywood strip width at window/door/storefront perimeter not dimensioned (10, 11, 14/A09.27; 1-3/A09.25). Carried 6" (stud depth). | C11: +/- per inch of width: about +/-12 SF per inch overall.
A12: RFI-11 | B12: Electrical 120 / NER 121 backboards: carried 7'-6" high from 6" AFF (5/A11.03); confirm the 8'-0" in 2-4/A11.03 is the top elevation, not the height. | C12: 8'-0" high option: +12.5 SF (120) +3.75 SF (121).
... A40: RFI-MEP1 | B40: 6/S5.20 says MAXIMUM d = 2" FOR 8 5/8" STUDS (probable typo for 3 5/8"); D13, D14, D15 duct heights not labeled on M01.01; clashes W7, W10, W15, W17, W18 (ducts riding on wall faces) and 2 x 8" branches crossing B2 line at y 1377-1405 outside measured walls. | C40: Framed opening header/sill by width carried (43 crossings, 49 openings with G double rows); heights not needed for header/sill LF. Clash walls may need offsets.

Sheet PARA REVISAR EN LA MANANA
A1: # | B1: Punto | C1: Hoja + detalle | D1: Imagen
A2: 1 | B2: Confirmar walls interiores (48) por tipo en las hojas marcadas; en especial piers G #42 (sin tag) y G1 #48 (sin tag), y walls A1 #10-12 sin tag (default nota A) | C2: A02.01; nota A/A02.01 | D2: Planos marcados/01..10_PLANO_<tipo>_*.png
A3: 2 | B3: Calibre exterior S1.11 600S162-54 vs S5.20 600S137-33 (RFI-01) | C3: S1.11 nota 5; 7/S5.20 | D3: revisar/R01_S1.11_note5_exterior_studs.png; R01b
A4: 3 | B4: Studs exteriores a B.O.D. vs bajo la viga (RFI-02) | C4: 10/S5.10 | D4: revisar/R02_10-S5.10_section_at_perimeter.png
A5: 4 | B5: Titulos N/S transpuestos en elevaciones (RFI-03) | C5: 1/A09.01; 2/A09.02 | D5: revisar/R03_1-A09.01_SOUTH_title_shows_north_facade.png
A6: 5 | B6: B2K sin fila en schedule (RFI-05) | C6: A02.01; 4/A12.01 | D6: revisar/R04_A02.01_B2K_tag.png
A7: 6 | B7: Altura de board de C1 (RFI-04) | C7: 6/A12.01 | D7: revisar/R05_6-A12.01_C1_board_height.png
A8: 7 | B8: Storefront head: steel header vs box beam (RFI-09) | C8: 2/A09.26; 11/A09.27 | D8: revisar/R06_2-A09.26_storefront_head_steel_header.png
A9: 8 | B9: Roof step grid B (RFI-15) | C9: 4/A02.02 | D9: revisar/R07_4-A02.02_roof_step.png
A10: 9 | B10: Stud blocking 362CR22 sin ubicacion (RFI-16) | C10: 4/S5.20 | D10: revisar/R08_4-S5.20_stud_blocking_NTS.png
A11: 10 | B11: Backboards FRT plywood Electrical/NER (RFI-11) | C11: 2-5/A11.03 | D11: revisar/R09_A11.03_FRT_backboards.png
A12: 11 | B12: CSR soffit = mismo elemento 9/A12.08 y 10/A09.33 (55.2); blocking plywood vs FRTW (RFI-12) | C12: 9/A12.08; 10/A09.33 | D12: revisar/R10_A12.08_CSR_line.png
A13: 12 | B13: ATM drive-up y walk-up R.O. (RFI-17) | C13: 5,6,7/A08.11 | D13: revisar/R11_A08.11_ATM.png
... A21: 20 | B21: Cruce MEP: 40 ductos + 3 tuberias (43 cruces, 49 framed openings), registro M01.01 a A02.01 con 138 pares | C21: M01.01; P01.01; 6/S5.20 | D21: /img/mep/D01..D40_*.png

Sheet Alcances
A1: ALC | B1: Alcance | C1: Estado | D1: Nota (cantidad, NO APLICA + hoja, o RFI)
A2: ALC-01 | B2: Interior partition framing (studs + tracks) | C2: CUANTIFICADO | D2: 48 walls sellados (closer.py); Material Summary studs/tracks; 1-6,12/A12.01
A3: ALC-02 | B3: Exterior wall framing (CFMF) | C3: CUANTIFICADO | D3: 11 fachadas EXT-* selladas; 6" exterior metal stud 600S162-54; C/A09.21, S1.11
A4: ALC-03 | B4: Parapet framing | C4: CUANTIFICADO | D4: 6" parapet infill stud 600S162-54 + tracks + PAFs; 11/S5.10, 4/A09.26
A5: ALC-04 | B5: Top / deflection and bottom track | C5: CUANTIFICADO | D5: bottom y top/deflection en renglones separados; 7/S5.20, 10/S5.10
A6: ALC-05 | B6: Headers, sills and jambs at openings | C6: CUANTIFICADO | D6: header / box beam, sill track, jamb studs en STUD; 9/S5.20, 10-11/A09.27
A7: ALC-06 | B7: Bracing / bridging | C7: CUANTIFICADO | D7: bracing 1-1/2" C.R. channel @48"; F/1/S5.20 (53.4)
A8: ALC-07 | B8: Gypsum board on walls (layers per type) | C8: CUANTIFICADO | D8: 5/8" gypsum board regular por face; A12.01
A9: ALC-08 | B9: Moisture / abuse / special board at wet zones | C9: CUANTIFICADO | D9: 5/8" moisture resistant gypsum board chase C1 #33/#34; F/A08.01
A10: ALC-09 | B10: Exterior gypsum / glass mat sheathing | C10: CUANTIFICADO | D10: 5/8" exterior gypsum sheathing parapet roof side + 5/8" glass mat sheathing; C/A09.21, 5/A09.26
A11: ALC-10 | B11: FRT plywood sheathing / substrate | C11: CUANTIFICADO | D11: FRT plywood bonded to polyiso, ext. grade FRT plywood canopy, 3/4" FRT plywood; C/A09.21, 3/A09.26, A11.03
A12: ALC-11 | B12: Gypsum board ceilings | C12: CUANTIFICADO | D12: CLG-01..05 (Vestibule 100, 24HR 101, Waiting 104, 113, 114); A04.01
... A25: ALC-24 | B25: Finish level (Level 4 / Level 5) | C25: CUANTIFICADO | D25: Level 5 at WC-18/20/22 (A05.01 notes 9-10, A00.40); Level 4 balance (RFI-27)
